INSERT INTO PRODUCTS (id, name, description, price) VALUES (1, 'iPhone 12', 'Apple iPhone 12 with 64GB Memory', 699.99);
INSERT INTO PRODUCTS (id, name, description, price) VALUES (2, 'Samsung Galaxy S21', 'Samsung Galaxy S21 with 128GB Memory', 799.99);
INSERT INTO PRODUCTS (id, name, description, price) VALUES (3, 'Google Pixel 5', 'Google Pixel 5 with 128GB Memory', 699.00);
INSERT INTO PRODUCTS (id, name, description, price) VALUES (4, 'OnePlus 8', 'OnePlus 8 with 128GB Memory', 599.99);
INSERT INTO PRODUCTS (id, name, description, price) VALUES (5, 'LG V60 ThinQ', 'LG V60 ThinQ with 128GB Memory', 799.99);
INSERT INTO PRODUCTS (id, name, description, price) VALUES (6, 'Motorola Edge', 'Motorola Edge with 128GB Memory', 699.99);
INSERT INTO PRODUCTS (id, name, description, price) VALUES (7, 'Sony Xperia 1 II', 'Sony Xperia 1 II with 256GB Memory', 1199.99);
INSERT INTO PRODUCTS (id, name, description, price) VALUES (8, 'Nokia 8.3', 'Nokia 8.3 with 128GB Memory', 699.00);
INSERT INTO PRODUCTS (id, name, description, price) VALUES (9, 'Huawei P40 Pro', 'Huawei P40 Pro with 256GB Memory', 899.99);
INSERT INTO PRODUCTS (id, name, description, price) VALUES (10, 'Xiaomi Mi 10', 'Xiaomi Mi 10 with 128GB Memory', 699.99);
INSERT INTO PRODUCTS (id, name, description, price) VALUES (11, 'Oppo Find X2', 'Oppo Find X2 with 256GB Memory', 999.99);
INSERT INTO PRODUCTS (id, name, description, price) VALUES (12, 'Realme X50 Pro', 'Realme X50 Pro with 128GB Memory', 599.99);
INSERT INTO PRODUCTS (id, name, description, price) VALUES (13, 'Asus ROG Phone 3', 'Asus ROG Phone 3 with 128GB Memory', 999.99);
INSERT INTO PRODUCTS (id, name, description, price) VALUES (14, 'ZTE Axon 11', 'ZTE Axon 11 with 128GB Memory', 599.99);
INSERT INTO PRODUCTS (id, name, description, price) VALUES (15, 'HTC U20', 'HTC U20 with 256GB Memory', 749.99);
INSERT INTO PRODUCTS (id, name, description, price) VALUES (16, 'Lenovo Legion Phone Duel', 'Lenovo Legion Phone Duel with 256GB Memory', 999.99);
INSERT INTO PRODUCTS (id, name, description, price) VALUES (17, 'Vivo X50 Pro', 'Vivo X50 Pro with 256GB Memory', 799.99);
INSERT INTO PRODUCTS (id, name, description, price) VALUES (18, 'Meizu 17 Pro', 'Meizu 17 Pro with 256GB Memory', 699.99);
INSERT INTO PRODUCTS (id, name, description, price) VALUES (19, 'Sharp Aquos Zero 2', 'Sharp Aquos Zero 2 with 256GB Memory', 899.99);
INSERT INTO PRODUCTS (id, name, description, price) VALUES (20, 'Black Shark 3 Pro', 'Black Shark 3 Pro with 256GB Memory', 999.99);
INSERT INTO PRODUCTS (id, name, description, price) VALUES (21, 'iPhone 12 Pro', 'Apple iPhone 12 Pro with 128GB Memory', 999.99);
INSERT INTO PRODUCTS (id, name, description, price) VALUES (22, 'Samsung Galaxy S21 Ultra', 'Samsung Galaxy S21 Ultra with 256GB Memory', 1199.99);
INSERT INTO PRODUCTS (id, name, description, price) VALUES (23, 'Google Pixel 5 XL', 'Google Pixel 5 XL with 128GB Memory', 899.00);
INSERT INTO PRODUCTS (id, name, description, price) VALUES (24, 'OnePlus 9', 'OnePlus 9 with 128GB Memory', 729.99);
INSERT INTO PRODUCTS (id, name, description, price) VALUES (25, 'LG G8 ThinQ', 'LG G8 ThinQ with 128GB Memory', 849.99);
INSERT INTO PRODUCTS (id, name, description, price) VALUES (26, 'Motorola Edge Plus', 'Motorola Edge Plus with 256GB Memory', 999.99);
INSERT INTO PRODUCTS (id, name, description, price) VALUES (27, 'Sony Xperia 5 II', 'Sony Xperia 5 II with 128GB Memory', 949.99);
INSERT INTO PRODUCTS (id, name, description, price) VALUES (28, 'Nokia 9.3', 'Nokia 9.3 with 128GB Memory', 799.00);
INSERT INTO PRODUCTS (id, name, description, price) VALUES (29, 'Huawei Mate 40 Pro', 'Huawei Mate 40 Pro with 256GB Memory', 1099.99);
INSERT INTO PRODUCTS (id, name, description, price) VALUES (30, 'Xiaomi Mi 10 Pro', 'Xiaomi Mi 10 Pro with 256GB Memory', 999.99);
INSERT INTO PRODUCTS (id, name, description, price) VALUES (31, 'Oppo Find X2 Pro', 'Oppo Find X2 Pro with 512GB Memory', 1199.99);
INSERT INTO PRODUCTS (id, name, description, price) VALUES (32, 'Realme X50 Pro Player', 'Realme X50 Pro Player with 128GB Memory', 649.99);
INSERT INTO PRODUCTS (id, name, description, price) VALUES (33, 'Asus ROG Phone 3 Strix', 'Asus ROG Phone 3 Strix with 256GB Memory', 1099.99);
INSERT INTO PRODUCTS (id, name, description, price) VALUES (34, 'ZTE Axon 20', 'ZTE Axon 20 with 128GB Memory', 649.99);
INSERT INTO PRODUCTS (id, name, description, price) VALUES (35, 'HTC Desire 20 Pro', 'HTC Desire 20 Pro with 128GB Memory', 699.99);
INSERT INTO PRODUCTS (id, name, description, price) VALUES (36, 'Lenovo Legion Pro', 'Lenovo Legion Pro with 256GB Memory', 1099.99);
INSERT INTO PRODUCTS (id, name, description, price) VALUES (37, 'Vivo X60 Pro', 'Vivo X60 Pro with 256GB Memory', 849.99);
INSERT INTO PRODUCTS (id, name, description, price) VALUES (38, 'Meizu 18 Pro', 'Meizu 18 Pro with 256GB Memory', 799.99);
INSERT INTO PRODUCTS (id, name, description, price) VALUES (39, 'Sharp Aquos R5G', 'Sharp Aquos R5G with 128GB Memory', 899.99);
INSERT INTO PRODUCTS (id, name, description, price) VALUES (40, 'Black Shark 4 Pro', 'Black Shark 4 Pro with 256GB Memory', 1099.99);
INSERT INTO PRODUCTS (id, name, description, price) VALUES (41, 'iPhone 12 Mini', 'Apple iPhone 12 Mini with 64GB Memory', 699.99);
INSERT INTO PRODUCTS (id, name, description, price) VALUES (42, 'Samsung Galaxy Z Fold 2', 'Samsung Galaxy Z Fold 2 with 256GB Memory', 1999.99);
INSERT INTO PRODUCTS (id, name, description, price) VALUES (43, 'Google Pixel 4a', 'Google Pixel 4a with 128GB Memory', 349.00);
INSERT INTO PRODUCTS (id, name, description, price) VALUES (44, 'OnePlus Nord', 'OnePlus Nord with 128GB Memory', 499.99);
INSERT INTO PRODUCTS (id, name, description, price) VALUES (45, 'LG Velvet', 'LG Velvet with 128GB Memory', 599.99);
INSERT INTO PRODUCTS (id, name, description, price) VALUES (46, 'Motorola Razr 5G', 'Motorola Razr 5G with 256GB Memory', 1399.99);
INSERT INTO PRODUCTS (id, name, description, price) VALUES (47, 'Sony Xperia 10 II', 'Sony Xperia 10 II with 128GB Memory', 399.99);
INSERT INTO PRODUCTS (id, name, description, price) VALUES (48, 'Nokia 7.2', 'Nokia 7.2 with 128GB Memory', 349.00);
INSERT INTO PRODUCTS (id, name, description, price) VALUES (49, 'Huawei Y9a', 'Huawei Y9a with 128GB Memory', 239.99);
INSERT INTO PRODUCTS (id, name, description, price) VALUES (50, 'Xiaomi Redmi Note 9', 'Xiaomi Redmi Note 9 with 128GB Memory', 199.99);
INSERT INTO PRODUCTS (id, name, description, price) VALUES (51, 'Dell Inspiron 15', 'Dell Inspiron 15 with Intel Core i5 processor', 799.99);
INSERT INTO PRODUCTS (id, name, description, price) VALUES (52, 'HP Pavilion 14', 'HP Pavilion 14 with AMD Ryzen 5 processor', 699.99);
INSERT INTO PRODUCTS (id, name, description, price) VALUES (53, 'Lenovo ThinkPad X1 Carbon', 'Lenovo ThinkPad X1 Carbon with Intel Core i7 processor', 1499.99);
INSERT INTO PRODUCTS (id, name, description, price) VALUES (54, 'Asus ROG Zephyrus G14', 'Asus ROG Zephyrus G14 with AMD Ryzen 9 processor', 1799.99);
INSERT INTO PRODUCTS (id, name, description, price) VALUES (55, 'Acer Predator Helios 300', 'Acer Predator Helios 300 with Intel Core i7 processor', 1299.99);
INSERT INTO PRODUCTS (id, name, description, price) VALUES (56, 'MSI GS66 Stealth', 'MSI GS66 Stealth with Intel Core i9 processor', 1999.99);
INSERT INTO PRODUCTS (id, name, description, price) VALUES (57, 'Razer Blade 15', 'Razer Blade 15 with Intel Core i7 processor', 1799.99);
INSERT INTO PRODUCTS (id, name, description, price) VALUES (58, 'Apple MacBook Pro 13', 'Apple MacBook Pro 13 with Apple M1 chip', 1299.99);
INSERT INTO PRODUCTS (id, name, description, price) VALUES (59, 'Microsoft Surface Laptop 4', 'Microsoft Surface Laptop 4 with AMD Ryzen 7 processor', 1399.99);
INSERT INTO PRODUCTS (id, name, description, price) VALUES (60, 'LG Gram 17', 'LG Gram 17 with Intel Core i7 processor', 1499.99);
INSERT INTO PRODUCTS (id, name, description, price) VALUES (61, 'Samsung Galaxy Book Flex 2', 'Samsung Galaxy Book Flex 2 with Intel Core i5 processor', 1099.99);
INSERT INTO PRODUCTS (id, name, description, price) VALUES (62, 'Huawei MateBook X Pro', 'Huawei MateBook X Pro with Intel Core i7 processor', 1499.99);
INSERT INTO PRODUCTS (id, name, description, price) VALUES (63, 'Acer Swift 3', 'Acer Swift 3 with AMD Ryzen 5 processor', 599.99);
INSERT INTO PRODUCTS (id, name, description, price) VALUES (64, 'Lenovo Yoga C940', 'Lenovo Yoga C940 with Intel Core i7 processor', 1299.99);
INSERT INTO PRODUCTS (id, name, description, price) VALUES (65, 'Asus ZenBook 14', 'Asus ZenBook 14 with AMD Ryzen 7 processor', 999.99);
INSERT INTO PRODUCTS (id, name, description, price) VALUES (66, 'HP Envy x360', 'HP Envy x360 with AMD Ryzen 5 processor', 899.99);
INSERT INTO PRODUCTS (id, name, description, price) VALUES (67, 'Dell XPS 13', 'Dell XPS 13 with Intel Core i7 processor', 1199.99);
INSERT INTO PRODUCTS (id, name, description, price) VALUES (68, 'MSI Prestige 14', 'MSI Prestige 14 with Intel Core i7 processor', 1299.99);
INSERT INTO PRODUCTS (id, name, description, price) VALUES (69, 'Razer Blade Stealth 13', 'Razer Blade Stealth 13 with Intel Core i7 processor', 1499.99);
INSERT INTO PRODUCTS (id, name, description, price) VALUES (70, 'Apple MacBook Air', 'Apple MacBook Air with Apple M1 chip', 999.99);

INSERT INTO CATEGORY (id, name) VALUES (1, 'Laptops');
INSERT INTO CATEGORY (id, name) VALUES (2, 'Desktops');
INSERT INTO CATEGORY (id, name) VALUES (3, 'Smartphones');
INSERT INTO CATEGORY (id, name) VALUES (4, 'Tablets');
INSERT INTO CATEGORY (id, name) VALUES (5, 'Monitors');
INSERT INTO CATEGORY (id, name) VALUES (6, 'Keyboards');
INSERT INTO CATEGORY (id, name) VALUES (7, 'Mice');
INSERT INTO CATEGORY (id, name) VALUES (8, 'Printers');
INSERT INTO CATEGORY (id, name) VALUES (9, 'Scanners');
INSERT INTO CATEGORY (id, name) VALUES (10, 'Webcams');
INSERT INTO CATEGORY (id, name) VALUES (11, 'Headphones');
INSERT INTO CATEGORY (id, name) VALUES (12, 'Speakers');
INSERT INTO CATEGORY (id, name) VALUES (13, 'Microphones');
INSERT INTO CATEGORY (id, name) VALUES (14, 'Smartwatches');

INSERT INTO CATEGORY_PRODUCTS (products_id, categories_id) VALUES (1, 3);
INSERT INTO CATEGORY_PRODUCTS (products_id, categories_id) VALUES (2, 3);
INSERT INTO CATEGORY_PRODUCTS (products_id, categories_id) VALUES (3, 3);
INSERT INTO CATEGORY_PRODUCTS (products_id, categories_id) VALUES (4, 3);
INSERT INTO CATEGORY_PRODUCTS (products_id, categories_id) VALUES (5, 3);
INSERT INTO CATEGORY_PRODUCTS (products_id, categories_id) VALUES (6, 3);
INSERT INTO CATEGORY_PRODUCTS (products_id, categories_id) VALUES (7, 3);
INSERT INTO CATEGORY_PRODUCTS (products_id, categories_id) VALUES (8, 3);
INSERT INTO CATEGORY_PRODUCTS (products_id, categories_id) VALUES (9, 3);
INSERT INTO CATEGORY_PRODUCTS (products_id, categories_id) VALUES (10,3);
INSERT INTO CATEGORY_PRODUCTS (products_id, categories_id) VALUES (11,3);
INSERT INTO CATEGORY_PRODUCTS (products_id, categories_id) VALUES (12,3);
INSERT INTO CATEGORY_PRODUCTS (products_id, categories_id) VALUES (13,3);
INSERT INTO CATEGORY_PRODUCTS (products_id, categories_id) VALUES (14,3);
INSERT INTO CATEGORY_PRODUCTS (products_id, categories_id) VALUES (15,3);
INSERT INTO CATEGORY_PRODUCTS (products_id, categories_id) VALUES (16,3);
INSERT INTO CATEGORY_PRODUCTS (products_id, categories_id) VALUES (17,3);
INSERT INTO CATEGORY_PRODUCTS (products_id, categories_id) VALUES (18,3);
INSERT INTO CATEGORY_PRODUCTS (products_id, categories_id) VALUES (19,3);
INSERT INTO CATEGORY_PRODUCTS (products_id, categories_id) VALUES (20,3);
INSERT INTO CATEGORY_PRODUCTS (products_id, categories_id) VALUES (21,3);
INSERT INTO CATEGORY_PRODUCTS (products_id, categories_id) VALUES (22,3);
INSERT INTO CATEGORY_PRODUCTS (products_id, categories_id) VALUES (23,3);
INSERT INTO CATEGORY_PRODUCTS (products_id, categories_id) VALUES (24,3);
INSERT INTO CATEGORY_PRODUCTS (products_id, categories_id) VALUES (25,3);
INSERT INTO CATEGORY_PRODUCTS (products_id, categories_id) VALUES (26,3);
INSERT INTO CATEGORY_PRODUCTS (products_id, categories_id) VALUES (27,3);
INSERT INTO CATEGORY_PRODUCTS (products_id, categories_id) VALUES (28,3);
INSERT INTO CATEGORY_PRODUCTS (products_id, categories_id) VALUES (29,3);
INSERT INTO CATEGORY_PRODUCTS (products_id, categories_id) VALUES (30,3);
INSERT INTO CATEGORY_PRODUCTS (products_id, categories_id) VALUES (31,3);
INSERT INTO CATEGORY_PRODUCTS (products_id, categories_id) VALUES (32,3);
INSERT INTO CATEGORY_PRODUCTS (products_id, categories_id) VALUES (33,3);
INSERT INTO CATEGORY_PRODUCTS (products_id, categories_id) VALUES (34,3);
INSERT INTO CATEGORY_PRODUCTS (products_id, categories_id) VALUES (35,3);
INSERT INTO CATEGORY_PRODUCTS (products_id, categories_id) VALUES (36,3);
INSERT INTO CATEGORY_PRODUCTS (products_id, categories_id) VALUES (37,3);
INSERT INTO CATEGORY_PRODUCTS (products_id, categories_id) VALUES (38,3);
INSERT INTO CATEGORY_PRODUCTS (products_id, categories_id) VALUES (39,3);
INSERT INTO CATEGORY_PRODUCTS (products_id, categories_id) VALUES (40,3);
INSERT INTO CATEGORY_PRODUCTS (products_id, categories_id) VALUES (41,3);
INSERT INTO CATEGORY_PRODUCTS (products_id, categories_id) VALUES (42,3);
INSERT INTO CATEGORY_PRODUCTS (products_id, categories_id) VALUES (43,3);
INSERT INTO CATEGORY_PRODUCTS (products_id, categories_id) VALUES (44,3);
INSERT INTO CATEGORY_PRODUCTS (products_id, categories_id) VALUES (45,3);
INSERT INTO CATEGORY_PRODUCTS (products_id, categories_id) VALUES (46,3);
INSERT INTO CATEGORY_PRODUCTS (products_id, categories_id) VALUES (47,3);
INSERT INTO CATEGORY_PRODUCTS (products_id, categories_id) VALUES (48,3);
INSERT INTO CATEGORY_PRODUCTS (products_id, categories_id) VALUES (49,3);
INSERT INTO CATEGORY_PRODUCTS (products_id, categories_id) VALUES (50,3);
INSERT INTO CATEGORY_PRODUCTS (products_id, categories_id) VALUES (51,1);
INSERT INTO CATEGORY_PRODUCTS (products_id, categories_id) VALUES (52,1);
INSERT INTO CATEGORY_PRODUCTS (products_id, categories_id) VALUES (53,1);
INSERT INTO CATEGORY_PRODUCTS (products_id, categories_id) VALUES (54,1);
INSERT INTO CATEGORY_PRODUCTS (products_id, categories_id) VALUES (55,1);
INSERT INTO CATEGORY_PRODUCTS (products_id, categories_id) VALUES (56,1);
INSERT INTO CATEGORY_PRODUCTS (products_id, categories_id) VALUES (57,1);
INSERT INTO CATEGORY_PRODUCTS (products_id, categories_id) VALUES (58,1);
INSERT INTO CATEGORY_PRODUCTS (products_id, categories_id) VALUES (59,1);
INSERT INTO CATEGORY_PRODUCTS (products_id, categories_id) VALUES (60,1);
INSERT INTO CATEGORY_PRODUCTS (products_id, categories_id) VALUES (61,1);
INSERT INTO CATEGORY_PRODUCTS (products_id, categories_id) VALUES (62,1);
INSERT INTO CATEGORY_PRODUCTS (products_id, categories_id) VALUES (63,1);
INSERT INTO CATEGORY_PRODUCTS (products_id, categories_id) VALUES (64,1);
INSERT INTO CATEGORY_PRODUCTS (products_id, categories_id) VALUES (65,1);
INSERT INTO CATEGORY_PRODUCTS (products_id, categories_id) VALUES (66,1);
INSERT INTO CATEGORY_PRODUCTS (products_id, categories_id) VALUES (67,1);
INSERT INTO CATEGORY_PRODUCTS (products_id, categories_id) VALUES (68,1);
INSERT INTO CATEGORY_PRODUCTS (products_id, categories_id) VALUES (69,1);
INSERT INTO CATEGORY_PRODUCTS (products_id, categories_id) VALUES (70,1);




INSERT INTO CART (id) VALUES (1), (2), (3), (4), (5), (6), (7), (8), (9), (10);

INSERT INTO USERS (id, name, cart_id) VALUES ('d7558967-c177-40f1-8360-25c7806329df', 'Benjamin Mitchell', 1);
INSERT INTO USERS (id, name, cart_id) VALUES ('3ccff81d-9f57-44b4-b414-5dc8bed05a28', 'Ethan Anderson', 2);
INSERT INTO USERS (id, name, cart_id) VALUES ('c07ed80f-8658-40af-b5d1-bcda05f8e115', 'Lucas Johnson', 3);
INSERT INTO USERS (id, name, cart_id) VALUES ('ac0cf5a2-e5cf-49a7-855f-3bd2c0a79550', 'Mason Parker', 4);
INSERT INTO USERS (id, name, cart_id) VALUES ('ffd5500e-1231-48e2-8384-3dc15fc7ed90', 'Oliver Williams', 5);
INSERT INTO USERS (id, name, cart_id) VALUES ('471620c4-d859-49cd-b17b-5a27250d44a8', 'Sophia Davis', 6);
INSERT INTO USERS (id, name, cart_id) VALUES ('969775e5-95df-4b68-8e41-56bb781276c6', 'Emily Carter', 7);
INSERT INTO USERS (id, name, cart_id) VALUES ('98e2386a-5510-456c-88ea-60854a590b17', 'Ava Turner', 8);
INSERT INTO USERS (id, name, cart_id) VALUES ('24e137ba-d5b5-4ca7-aad1-5359463e0a53', 'Olivia Evans', 9);
INSERT INTO USERS (id, name, cart_id) VALUES ('6e21105f-3d24-4ca1-9fc0-b4e688992557', 'Isabella Foster', 10);


INSERT INTO ORDERS (id, user_id, created_at) VALUES (1, 'd7558967-c177-40f1-8360-25c7806329df', '2021-11-16');
INSERT INTO ORDER_LINE (id, order_id, price, quantity, product_id) VALUES (1, 1, 229.64628613348674, 1, 38);
INSERT INTO ORDERS (id, user_id, created_at) VALUES (2, '98e2386a-5510-456c-88ea-60854a590b17', '2020-04-03');
INSERT INTO ORDER_LINE (id, order_id, price, quantity, product_id) VALUES (2, 2, 305.66706665249956, 1, 41);
INSERT INTO ORDERS (id, user_id, created_at) VALUES (3, '3ccff81d-9f57-44b4-b414-5dc8bed05a28', '2020-11-03');
INSERT INTO ORDER_LINE (id, order_id, price, quantity, product_id) VALUES (3, 3, 790.8243415044525, 1, 11);
INSERT INTO ORDERS (id, user_id, created_at) VALUES (4, '969775e5-95df-4b68-8e41-56bb781276c6', '2020-11-03');
INSERT INTO ORDER_LINE (id, order_id, price, quantity, product_id) VALUES (4, 4, 248.82288742929094, 1, 41);
INSERT INTO ORDER_LINE (id, order_id, price, quantity, product_id) VALUES (5, 4, 667.7675390550509, 1, 39);
INSERT INTO ORDERS (id, user_id, created_at) VALUES (5, 'ffd5500e-1231-48e2-8384-3dc15fc7ed90', '2020-09-13');
INSERT INTO ORDER_LINE (id, order_id, price, quantity, product_id) VALUES (6, 5, 420.5076466573574, 1, 17);
INSERT INTO ORDERS (id, user_id, created_at) VALUES (6, 'ffd5500e-1231-48e2-8384-3dc15fc7ed90', '2022-07-31');
INSERT INTO ORDER_LINE (id, order_id, price, quantity, product_id) VALUES (7, 6, 384.5033565026738, 1, 20);
INSERT INTO ORDERS (id, user_id, created_at) VALUES (7, 'ffd5500e-1231-48e2-8384-3dc15fc7ed90', '2020-08-26');
INSERT INTO ORDER_LINE (id, order_id, price, quantity, product_id) VALUES (8, 7, 303.29914690448055, 1, 41);
INSERT INTO ORDER_LINE (id, order_id, price, quantity, product_id) VALUES (9, 7, 666.9005557925194, 1, 41);
INSERT INTO ORDERS (id, user_id, created_at) VALUES (8, '3ccff81d-9f57-44b4-b414-5dc8bed05a28', '2020-12-18');
INSERT INTO ORDER_LINE (id, order_id, price, quantity, product_id) VALUES (10, 8, 327.87581544772877, 1, 15);
INSERT INTO ORDERS (id, user_id, created_at) VALUES (9, 'ffd5500e-1231-48e2-8384-3dc15fc7ed90', '2021-09-06');
INSERT INTO ORDER_LINE (id, order_id, price, quantity, product_id) VALUES (11, 9, 819.6397468743594, 1, 9);
INSERT INTO ORDERS (id, user_id, created_at) VALUES (10, '969775e5-95df-4b68-8e41-56bb781276c6', '2022-02-09');
INSERT INTO ORDER_LINE (id, order_id, price, quantity, product_id) VALUES (12, 10, 553.261956070343, 1, 45);
INSERT INTO ORDER_LINE (id, order_id, price, quantity, product_id) VALUES (13, 10, 209.3926102775452, 1, 5);
INSERT INTO ORDERS (id, user_id, created_at) VALUES (11, 'ffd5500e-1231-48e2-8384-3dc15fc7ed90', '2021-02-03');
INSERT INTO ORDER_LINE (id, order_id, price, quantity, product_id) VALUES (14, 11, 258.89563394942263, 1, 7);
INSERT INTO ORDERS (id, user_id, created_at) VALUES (12, '3ccff81d-9f57-44b4-b414-5dc8bed05a28', '2020-03-15');
INSERT INTO ORDER_LINE (id, order_id, price, quantity, product_id) VALUES (15, 12, 694.1965189234922, 1, 5);
INSERT INTO ORDER_LINE (id, order_id, price, quantity, product_id) VALUES (16, 12, 582.7294935878338, 1, 10);
INSERT INTO ORDERS (id, user_id, created_at) VALUES (13, 'c07ed80f-8658-40af-b5d1-bcda05f8e115', '2020-11-22');
INSERT INTO ORDER_LINE (id, order_id, price, quantity, product_id) VALUES (17, 13, 499.81648364787634, 1, 9);
INSERT INTO ORDER_LINE (id, order_id, price, quantity, product_id) VALUES (18, 13, 644.8411624243541, 1, 20);
INSERT INTO ORDERS (id, user_id, created_at) VALUES (14, 'd7558967-c177-40f1-8360-25c7806329df', '2022-01-29');
INSERT INTO ORDER_LINE (id, order_id, price, quantity, product_id) VALUES (19, 14, 127.59719903520352, 1, 30);
INSERT INTO ORDERS (id, user_id, created_at) VALUES (15, '24e137ba-d5b5-4ca7-aad1-5359463e0a53', '2020-02-28');
INSERT INTO ORDER_LINE (id, order_id, price, quantity, product_id) VALUES (20, 15, 321.14780945608993, 1, 41);
INSERT INTO ORDERS (id, user_id, created_at) VALUES (16, 'ffd5500e-1231-48e2-8384-3dc15fc7ed90', '2021-07-19');
INSERT INTO ORDER_LINE (id, order_id, price, quantity, product_id) VALUES (21, 16, 823.4189996479043, 1, 28);
INSERT INTO ORDERS (id, user_id, created_at) VALUES (17, 'd7558967-c177-40f1-8360-25c7806329df', '2021-05-19');
INSERT INTO ORDER_LINE (id, order_id, price, quantity, product_id) VALUES (22, 17, 336.5375341780721, 1, 36);
INSERT INTO ORDER_LINE (id, order_id, price, quantity, product_id) VALUES (23, 17, 811.1002412742463, 1, 40);
INSERT INTO ORDERS (id, user_id, created_at) VALUES (18, 'c07ed80f-8658-40af-b5d1-bcda05f8e115', '2020-06-21');
INSERT INTO ORDER_LINE (id, order_id, price, quantity, product_id) VALUES (24, 18, 523.4610687372654, 1, 13);
INSERT INTO ORDERS (id, user_id, created_at) VALUES (19, 'c07ed80f-8658-40af-b5d1-bcda05f8e115', '2022-04-30');
INSERT INTO ORDER_LINE (id, order_id, price, quantity, product_id) VALUES (25, 19, 846.5229635632193, 1, 30);
INSERT INTO ORDERS (id, user_id, created_at) VALUES (20, '6e21105f-3d24-4ca1-9fc0-b4e688992557', '2021-06-20');
INSERT INTO ORDER_LINE (id, order_id, price, quantity, product_id) VALUES (26, 20, 690.9413085202688, 1, 30);
INSERT INTO ORDER_LINE (id, order_id, price, quantity, product_id) VALUES (27, 20, 598.5980115982945, 1, 4);
INSERT INTO ORDERS (id, user_id, created_at) VALUES (21, '969775e5-95df-4b68-8e41-56bb781276c6', '2022-11-26');
INSERT INTO ORDER_LINE (id, order_id, price, quantity, product_id) VALUES (28, 21, 178.34538404238157, 1, 46);
INSERT INTO ORDER_LINE (id, order_id, price, quantity, product_id) VALUES (29, 21, 678.4036960479386, 1, 46);
INSERT INTO ORDERS (id, user_id, created_at) VALUES (22, 'ac0cf5a2-e5cf-49a7-855f-3bd2c0a79550', '2020-09-26');
INSERT INTO ORDER_LINE (id, order_id, price, quantity, product_id) VALUES (30, 22, 886.3244473106416, 1, 30);
INSERT INTO ORDERS (id, user_id, created_at) VALUES (23, '6e21105f-3d24-4ca1-9fc0-b4e688992557', '2022-01-22');
INSERT INTO ORDER_LINE (id, order_id, price, quantity, product_id) VALUES (31, 23, 290.09416366197013, 1, 34);
INSERT INTO ORDER_LINE (id, order_id, price, quantity, product_id) VALUES (32, 23, 800.057236162618, 1, 4);
INSERT INTO ORDERS (id, user_id, created_at) VALUES (24, '969775e5-95df-4b68-8e41-56bb781276c6', '2021-03-11');
INSERT INTO ORDER_LINE (id, order_id, price, quantity, product_id) VALUES (33, 24, 483.69761265299076, 1, 11);
INSERT INTO ORDERS (id, user_id, created_at) VALUES (25, '98e2386a-5510-456c-88ea-60854a590b17', '2021-10-16');
INSERT INTO ORDER_LINE (id, order_id, price, quantity, product_id) VALUES (34, 25, 796.4552966164537, 1, 42);
INSERT INTO ORDER_LINE (id, order_id, price, quantity, product_id) VALUES (35, 25, 735.3727110117322, 1, 17);
INSERT INTO ORDERS (id, user_id, created_at) VALUES (26, 'c07ed80f-8658-40af-b5d1-bcda05f8e115', '2020-08-14');
INSERT INTO ORDER_LINE (id, order_id, price, quantity, product_id) VALUES (36, 26, 293.0698730762333, 1, 35);
INSERT INTO ORDERS (id, user_id, created_at) VALUES (27, '969775e5-95df-4b68-8e41-56bb781276c6', '2020-02-15');
INSERT INTO ORDER_LINE (id, order_id, price, quantity, product_id) VALUES (37, 27, 295.70703071695095, 1, 46);
INSERT INTO ORDERS (id, user_id, created_at) VALUES (28, '24e137ba-d5b5-4ca7-aad1-5359463e0a53', '2021-01-01');
INSERT INTO ORDER_LINE (id, order_id, price, quantity, product_id) VALUES (38, 28, 635.2011156692856, 1, 3);
INSERT INTO ORDER_LINE (id, order_id, price, quantity, product_id) VALUES (39, 28, 442.99800300362773, 1, 20);
INSERT INTO ORDERS (id, user_id, created_at) VALUES (29, 'ffd5500e-1231-48e2-8384-3dc15fc7ed90', '2020-03-25');
INSERT INTO ORDER_LINE (id, order_id, price, quantity, product_id) VALUES (40, 29, 838.4565102925757, 1, 24);
INSERT INTO ORDER_LINE (id, order_id, price, quantity, product_id) VALUES (41, 29, 808.1864897909394, 1, 25);
INSERT INTO ORDERS (id, user_id, created_at) VALUES (30, '98e2386a-5510-456c-88ea-60854a590b17', '2021-06-18');
INSERT INTO ORDER_LINE (id, order_id, price, quantity, product_id) VALUES (42, 30, 327.59699361042476, 1, 22);
INSERT INTO ORDERS (id, user_id, created_at) VALUES (31, '969775e5-95df-4b68-8e41-56bb781276c6', '2022-06-12');
INSERT INTO ORDER_LINE (id, order_id, price, quantity, product_id) VALUES (43, 31, 123.37952513688055, 1, 33);
INSERT INTO ORDERS (id, user_id, created_at) VALUES (32, 'd7558967-c177-40f1-8360-25c7806329df', '2022-11-27');
INSERT INTO ORDER_LINE (id, order_id, price, quantity, product_id) VALUES (44, 32, 127.59465622993966, 1, 11);
INSERT INTO ORDERS (id, user_id, created_at) VALUES (33, 'ac0cf5a2-e5cf-49a7-855f-3bd2c0a79550', '2022-10-11');
INSERT INTO ORDER_LINE (id, order_id, price, quantity, product_id) VALUES (45, 33, 772.8121469146311, 1, 49);
INSERT INTO ORDER_LINE (id, order_id, price, quantity, product_id) VALUES (46, 33, 666.9112630356918, 1, 36);
INSERT INTO ORDERS (id, user_id, created_at) VALUES (34, 'c07ed80f-8658-40af-b5d1-bcda05f8e115', '2023-01-11');
INSERT INTO ORDER_LINE (id, order_id, price, quantity, product_id) VALUES (47, 34, 684.8846776186174, 1, 46);
INSERT INTO ORDER_LINE (id, order_id, price, quantity, product_id) VALUES (48, 34, 100.97608223925442, 1, 45);
INSERT INTO ORDERS (id, user_id, created_at) VALUES (35, '3ccff81d-9f57-44b4-b414-5dc8bed05a28', '2020-12-03');
INSERT INTO ORDER_LINE (id, order_id, price, quantity, product_id) VALUES (49, 35, 132.64871413150922, 1, 5);
INSERT INTO ORDER_LINE (id, order_id, price, quantity, product_id) VALUES (50, 35, 537.0043604446571, 1, 34);
INSERT INTO ORDERS (id, user_id, created_at) VALUES (36, 'ffd5500e-1231-48e2-8384-3dc15fc7ed90', '2022-07-10');
INSERT INTO ORDER_LINE (id, order_id, price, quantity, product_id) VALUES (51, 36, 263.87062118504684, 1, 36);
INSERT INTO ORDERS (id, user_id, created_at) VALUES (37, '98e2386a-5510-456c-88ea-60854a590b17', '2021-01-03');
INSERT INTO ORDER_LINE (id, order_id, price, quantity, product_id) VALUES (52, 37, 351.5743044016673, 1, 11);
INSERT INTO ORDERS (id, user_id, created_at) VALUES (38, '3ccff81d-9f57-44b4-b414-5dc8bed05a28', '2020-07-01');
INSERT INTO ORDER_LINE (id, order_id, price, quantity, product_id) VALUES (53, 38, 519.7183679239909, 1, 30);
INSERT INTO ORDERS (id, user_id, created_at) VALUES (39, 'd7558967-c177-40f1-8360-25c7806329df', '2021-07-16');
INSERT INTO ORDER_LINE (id, order_id, price, quantity, product_id) VALUES (54, 39, 294.52592749966584, 1, 3);
INSERT INTO ORDER_LINE (id, order_id, price, quantity, product_id) VALUES (55, 39, 425.639471856676, 1, 44);
INSERT INTO ORDERS (id, user_id, created_at) VALUES (40, 'd7558967-c177-40f1-8360-25c7806329df', '2020-07-05');
INSERT INTO ORDER_LINE (id, order_id, price, quantity, product_id) VALUES (56, 40, 539.4801028869683, 1, 11);
INSERT INTO ORDERS (id, user_id, created_at) VALUES (41, '6e21105f-3d24-4ca1-9fc0-b4e688992557', '2020-06-16');
INSERT INTO ORDER_LINE (id, order_id, price, quantity, product_id) VALUES (57, 41, 483.75349669194014, 1, 6);
INSERT INTO ORDERS (id, user_id, created_at) VALUES (42, '3ccff81d-9f57-44b4-b414-5dc8bed05a28', '2021-08-25');
INSERT INTO ORDER_LINE (id, order_id, price, quantity, product_id) VALUES (58, 42, 578.8945445233422, 1, 1);
INSERT INTO ORDER_LINE (id, order_id, price, quantity, product_id) VALUES (59, 42, 872.5361758588218, 1, 6);
INSERT INTO ORDERS (id, user_id, created_at) VALUES (43, 'd7558967-c177-40f1-8360-25c7806329df', '2020-06-02');
INSERT INTO ORDER_LINE (id, order_id, price, quantity, product_id) VALUES (60, 43, 666.1940965407582, 1, 11);
INSERT INTO ORDER_LINE (id, order_id, price, quantity, product_id) VALUES (61, 43, 822.4181078168809, 1, 38);
INSERT INTO ORDERS (id, user_id, created_at) VALUES (44, 'ffd5500e-1231-48e2-8384-3dc15fc7ed90', '2020-02-23');
INSERT INTO ORDER_LINE (id, order_id, price, quantity, product_id) VALUES (62, 44, 199.01145514172526, 1, 3);
INSERT INTO ORDER_LINE (id, order_id, price, quantity, product_id) VALUES (63, 44, 455.51935449300237, 1, 20);
INSERT INTO ORDERS (id, user_id, created_at) VALUES (45, '24e137ba-d5b5-4ca7-aad1-5359463e0a53', '2020-04-21');
INSERT INTO ORDER_LINE (id, order_id, price, quantity, product_id) VALUES (64, 45, 624.2818172205787, 1, 29);
INSERT INTO ORDER_LINE (id, order_id, price, quantity, product_id) VALUES (65, 45, 837.4328911799976, 1, 22);
INSERT INTO ORDERS (id, user_id, created_at) VALUES (46, '3ccff81d-9f57-44b4-b414-5dc8bed05a28', '2020-11-04');
INSERT INTO ORDER_LINE (id, order_id, price, quantity, product_id) VALUES (66, 46, 572.732893366976, 1, 38);
INSERT INTO ORDERS (id, user_id, created_at) VALUES (47, 'c07ed80f-8658-40af-b5d1-bcda05f8e115', '2020-12-30');
INSERT INTO ORDER_LINE (id, order_id, price, quantity, product_id) VALUES (67, 47, 452.9667650089951, 1, 18);
INSERT INTO ORDERS (id, user_id, created_at) VALUES (48, '969775e5-95df-4b68-8e41-56bb781276c6', '2022-08-26');
INSERT INTO ORDER_LINE (id, order_id, price, quantity, product_id) VALUES (68, 48, 822.24696659412, 1, 30);
INSERT INTO ORDER_LINE (id, order_id, price, quantity, product_id) VALUES (69, 48, 497.90958744343453, 1, 20);
INSERT INTO ORDERS (id, user_id, created_at) VALUES (49, '6e21105f-3d24-4ca1-9fc0-b4e688992557', '2021-10-26');
INSERT INTO ORDER_LINE (id, order_id, price, quantity, product_id) VALUES (70, 49, 411.1490149502457, 1, 30);
INSERT INTO ORDERS (id, user_id, created_at) VALUES (50, '969775e5-95df-4b68-8e41-56bb781276c6', '2022-07-24');
INSERT INTO ORDER_LINE (id, order_id, price, quantity, product_id) VALUES (71, 50, 671.9195868019045, 1, 11);
INSERT INTO ORDERS (id, user_id, created_at) VALUES (501, '6e21105f-3d24-4ca1-9fc0-b4e688992557', '2020-09-29');
INSERT INTO ORDER_LINE (id, order_id, price, quantity, product_id) VALUES (500, 501, 159.16995337055457, 1, 50);
INSERT INTO ORDER_LINE (id, order_id, price, quantity, product_id) VALUES (501, 501, 638.9118748267474, 1, 57);
INSERT INTO ORDERS (id, user_id, created_at) VALUES (502, '471620c4-d859-49cd-b17b-5a27250d44a8', '2020-05-29');
INSERT INTO ORDER_LINE (id, order_id, price, quantity, product_id) VALUES (502, 502, 147.9260831101059, 1, 51);
INSERT INTO ORDERS (id, user_id, created_at) VALUES (503, '969775e5-95df-4b68-8e41-56bb781276c6', '2022-02-20');
INSERT INTO ORDER_LINE (id, order_id, price, quantity, product_id) VALUES (503, 503, 386.4734534530639, 1, 67);
INSERT INTO ORDERS (id, user_id, created_at) VALUES (504, 'ffd5500e-1231-48e2-8384-3dc15fc7ed90', '2022-07-09');
INSERT INTO ORDER_LINE (id, order_id, price, quantity, product_id) VALUES (504, 504, 267.0057284119715, 1, 53);
INSERT INTO ORDER_LINE (id, order_id, price, quantity, product_id) VALUES (505, 504, 823.9847859630715, 1, 65);
INSERT INTO ORDERS (id, user_id, created_at) VALUES (505, 'ac0cf5a2-e5cf-49a7-855f-3bd2c0a79550', '2021-05-26');
INSERT INTO ORDER_LINE (id, order_id, price, quantity, product_id) VALUES (506, 505, 344.42453323968925, 1, 50);
INSERT INTO ORDERS (id, user_id, created_at) VALUES (506, '24e137ba-d5b5-4ca7-aad1-5359463e0a53', '2023-01-04');
INSERT INTO ORDER_LINE (id, order_id, price, quantity, product_id) VALUES (507, 506, 205.9691767788115, 1, 61);
INSERT INTO ORDER_LINE (id, order_id, price, quantity, product_id) VALUES (508, 506, 317.32680112582557, 1, 54);
INSERT INTO ORDERS (id, user_id, created_at) VALUES (507, '24e137ba-d5b5-4ca7-aad1-5359463e0a53', '2020-11-06');
INSERT INTO ORDER_LINE (id, order_id, price, quantity, product_id) VALUES (509, 507, 121.11050547597398, 1, 53);
INSERT INTO ORDERS (id, user_id, created_at) VALUES (508, '471620c4-d859-49cd-b17b-5a27250d44a8', '2020-09-15');
INSERT INTO ORDER_LINE (id, order_id, price, quantity, product_id) VALUES (510, 508, 261.4064051797135, 1, 53);
INSERT INTO ORDERS (id, user_id, created_at) VALUES (509, 'c07ed80f-8658-40af-b5d1-bcda05f8e115', '2022-07-19');
INSERT INTO ORDER_LINE (id, order_id, price, quantity, product_id) VALUES (511, 509, 335.5641990297519, 1, 70);
INSERT INTO ORDER_LINE (id, order_id, price, quantity, product_id) VALUES (512, 509, 844.3371830073793, 1, 69);
INSERT INTO ORDERS (id, user_id, created_at) VALUES (510, 'ac0cf5a2-e5cf-49a7-855f-3bd2c0a79550', '2021-07-13');
INSERT INTO ORDER_LINE (id, order_id, price, quantity, product_id) VALUES (513, 510, 483.64264541397733, 1, 50);
INSERT INTO ORDER_LINE (id, order_id, price, quantity, product_id) VALUES (514, 510, 294.31692320730826, 1, 66);
INSERT INTO ORDERS (id, user_id, created_at) VALUES (511, 'd7558967-c177-40f1-8360-25c7806329df', '2022-07-29');
INSERT INTO ORDER_LINE (id, order_id, price, quantity, product_id) VALUES (515, 511, 369.27574778685334, 1, 67);
INSERT INTO ORDER_LINE (id, order_id, price, quantity, product_id) VALUES (516, 511, 722.9447870564351, 1, 51);
INSERT INTO ORDERS (id, user_id, created_at) VALUES (512, 'ac0cf5a2-e5cf-49a7-855f-3bd2c0a79550', '2022-04-21');
INSERT INTO ORDER_LINE (id, order_id, price, quantity, product_id) VALUES (517, 512, 373.37837842796, 1, 55);
INSERT INTO ORDER_LINE (id, order_id, price, quantity, product_id) VALUES (518, 512, 871.2103409512571, 1, 60);
INSERT INTO ORDERS (id, user_id, created_at) VALUES (513, 'c07ed80f-8658-40af-b5d1-bcda05f8e115', '2022-02-19');
INSERT INTO ORDER_LINE (id, order_id, price, quantity, product_id) VALUES (519, 513, 110.74909053698035, 1, 62);
INSERT INTO ORDERS (id, user_id, created_at) VALUES (514, 'ffd5500e-1231-48e2-8384-3dc15fc7ed90', '2020-08-02');
INSERT INTO ORDER_LINE (id, order_id, price, quantity, product_id) VALUES (520, 514, 278.1754078297612, 1, 58);
INSERT INTO ORDERS (id, user_id, created_at) VALUES (515, '3ccff81d-9f57-44b4-b414-5dc8bed05a28', '2020-06-10');
INSERT INTO ORDER_LINE (id, order_id, price, quantity, product_id) VALUES (521, 515, 293.08215290041176, 1, 67);
INSERT INTO ORDERS (id, user_id, created_at) VALUES (516, '98e2386a-5510-456c-88ea-60854a590b17', '2022-06-19');
INSERT INTO ORDER_LINE (id, order_id, price, quantity, product_id) VALUES (522, 516, 586.0925270248209, 1, 66);
INSERT INTO ORDERS (id, user_id, created_at) VALUES (517, '98e2386a-5510-456c-88ea-60854a590b17', '2021-08-14');
INSERT INTO ORDER_LINE (id, order_id, price, quantity, product_id) VALUES (523, 517, 342.01024139635285, 1, 66);
INSERT INTO ORDER_LINE (id, order_id, price, quantity, product_id) VALUES (524, 517, 770.2082182784164, 1, 54);
INSERT INTO ORDERS (id, user_id, created_at) VALUES (518, '3ccff81d-9f57-44b4-b414-5dc8bed05a28', '2022-10-04');
INSERT INTO ORDER_LINE (id, order_id, price, quantity, product_id) VALUES (525, 518, 422.3040313384864, 1, 69);
INSERT INTO ORDERS (id, user_id, created_at) VALUES (519, '6e21105f-3d24-4ca1-9fc0-b4e688992557', '2021-03-26');
INSERT INTO ORDER_LINE (id, order_id, price, quantity, product_id) VALUES (526, 519, 662.8030240090101, 1, 59);
INSERT INTO ORDERS (id, user_id, created_at) VALUES (520, 'c07ed80f-8658-40af-b5d1-bcda05f8e115', '2020-07-21');
INSERT INTO ORDER_LINE (id, order_id, price, quantity, product_id) VALUES (527, 520, 866.2806708118355, 1, 54);
INSERT INTO ORDERS (id, user_id, created_at) VALUES (521, '969775e5-95df-4b68-8e41-56bb781276c6', '2020-05-07');
INSERT INTO ORDER_LINE (id, order_id, price, quantity, product_id) VALUES (528, 521, 131.11967325700613, 1, 63);
INSERT INTO ORDER_LINE (id, order_id, price, quantity, product_id) VALUES (529, 521, 466.99358827461526, 1, 63);
INSERT INTO ORDERS (id, user_id, created_at) VALUES (522, '6e21105f-3d24-4ca1-9fc0-b4e688992557', '2022-02-01');
INSERT INTO ORDER_LINE (id, order_id, price, quantity, product_id) VALUES (530, 522, 395.25278530531847, 1, 67);
INSERT INTO ORDERS (id, user_id, created_at) VALUES (523, '969775e5-95df-4b68-8e41-56bb781276c6', '2020-11-23');
INSERT INTO ORDER_LINE (id, order_id, price, quantity, product_id) VALUES (531, 523, 156.2281615727013, 1, 59);
INSERT INTO ORDER_LINE (id, order_id, price, quantity, product_id) VALUES (532, 523, 581.3566712055157, 1, 70);
INSERT INTO ORDERS (id, user_id, created_at) VALUES (524, 'ffd5500e-1231-48e2-8384-3dc15fc7ed90', '2021-03-07');
INSERT INTO ORDER_LINE (id, order_id, price, quantity, product_id) VALUES (533, 524, 234.55399419796973, 1, 67);
INSERT INTO ORDERS (id, user_id, created_at) VALUES (525, '98e2386a-5510-456c-88ea-60854a590b17', '2021-06-23');
INSERT INTO ORDER_LINE (id, order_id, price, quantity, product_id) VALUES (534, 525, 837.549271627297, 1, 60);
INSERT INTO ORDER_LINE (id, order_id, price, quantity, product_id) VALUES (535, 525, 199.42359965102395, 1, 63);
INSERT INTO ORDERS (id, user_id, created_at) VALUES (526, '98e2386a-5510-456c-88ea-60854a590b17', '2021-08-11');
INSERT INTO ORDER_LINE (id, order_id, price, quantity, product_id) VALUES (536, 526, 565.5501280245602, 1, 55);
INSERT INTO ORDERS (id, user_id, created_at) VALUES (527, 'd7558967-c177-40f1-8360-25c7806329df', '2020-01-30');
INSERT INTO ORDER_LINE (id, order_id, price, quantity, product_id) VALUES (537, 527, 742.7413997135801, 1, 65);
INSERT INTO ORDERS (id, user_id, created_at) VALUES (528, '98e2386a-5510-456c-88ea-60854a590b17', '2021-05-29');
INSERT INTO ORDER_LINE (id, order_id, price, quantity, product_id) VALUES (538, 528, 648.4547030891251, 1, 58);
INSERT INTO ORDERS (id, user_id, created_at) VALUES (529, '969775e5-95df-4b68-8e41-56bb781276c6', '2020-07-13');
INSERT INTO ORDER_LINE (id, order_id, price, quantity, product_id) VALUES (539, 529, 423.67597578992775, 1, 53);
INSERT INTO ORDERS (id, user_id, created_at) VALUES (530, '471620c4-d859-49cd-b17b-5a27250d44a8', '2020-07-19');
INSERT INTO ORDER_LINE (id, order_id, price, quantity, product_id) VALUES (540, 530, 755.4662811493386, 1, 56);
INSERT INTO ORDERS (id, user_id, created_at) VALUES (531, '98e2386a-5510-456c-88ea-60854a590b17', '2021-08-30');
INSERT INTO ORDER_LINE (id, order_id, price, quantity, product_id) VALUES (541, 531, 178.17139154319418, 1, 65);
INSERT INTO ORDERS (id, user_id, created_at) VALUES (532, '969775e5-95df-4b68-8e41-56bb781276c6', '2022-10-15');
INSERT INTO ORDER_LINE (id, order_id, price, quantity, product_id) VALUES (542, 532, 414.0606683688217, 1, 65);
INSERT INTO ORDERS (id, user_id, created_at) VALUES (533, '98e2386a-5510-456c-88ea-60854a590b17', '2022-04-30');
INSERT INTO ORDER_LINE (id, order_id, price, quantity, product_id) VALUES (543, 533, 602.4433716069716, 1, 69);
INSERT INTO ORDERS (id, user_id, created_at) VALUES (534, '24e137ba-d5b5-4ca7-aad1-5359463e0a53', '2022-09-16');
INSERT INTO ORDER_LINE (id, order_id, price, quantity, product_id) VALUES (544, 534, 879.5913147321445, 1, 58);
INSERT INTO ORDER_LINE (id, order_id, price, quantity, product_id) VALUES (545, 534, 617.1320582297463, 1, 56);
INSERT INTO ORDERS (id, user_id, created_at) VALUES (535, 'ac0cf5a2-e5cf-49a7-855f-3bd2c0a79550', '2020-05-12');
INSERT INTO ORDER_LINE (id, order_id, price, quantity, product_id) VALUES (546, 535, 633.5208813864785, 1, 70);
INSERT INTO ORDER_LINE (id, order_id, price, quantity, product_id) VALUES (547, 535, 537.3106680740484, 1, 65);
INSERT INTO ORDERS (id, user_id, created_at) VALUES (536, '969775e5-95df-4b68-8e41-56bb781276c6', '2021-12-27');
INSERT INTO ORDER_LINE (id, order_id, price, quantity, product_id) VALUES (548, 536, 238.89745066022135, 1, 54);
INSERT INTO ORDERS (id, user_id, created_at) VALUES (537, '24e137ba-d5b5-4ca7-aad1-5359463e0a53', '2021-11-04');
INSERT INTO ORDER_LINE (id, order_id, price, quantity, product_id) VALUES (549, 537, 644.0010845878301, 1, 62);
INSERT INTO ORDER_LINE (id, order_id, price, quantity, product_id) VALUES (550, 537, 568.998139367803, 1, 50);
INSERT INTO ORDERS (id, user_id, created_at) VALUES (538, 'c07ed80f-8658-40af-b5d1-bcda05f8e115', '2020-12-30');
INSERT INTO ORDER_LINE (id, order_id, price, quantity, product_id) VALUES (551, 538, 627.7127149750942, 1, 69);
INSERT INTO ORDER_LINE (id, order_id, price, quantity, product_id) VALUES (552, 538, 436.0026438573124, 1, 58);
INSERT INTO ORDERS (id, user_id, created_at) VALUES (539, '3ccff81d-9f57-44b4-b414-5dc8bed05a28', '2022-05-17');
INSERT INTO ORDER_LINE (id, order_id, price, quantity, product_id) VALUES (553, 539, 531.1388328155801, 1, 60);
INSERT INTO ORDERS (id, user_id, created_at) VALUES (540, '6e21105f-3d24-4ca1-9fc0-b4e688992557', '2020-11-13');
INSERT INTO ORDER_LINE (id, order_id, price, quantity, product_id) VALUES (554, 540, 632.055202123955, 1, 56);
INSERT INTO ORDER_LINE (id, order_id, price, quantity, product_id) VALUES (555, 540, 399.0006238747297, 1, 67);
INSERT INTO ORDERS (id, user_id, created_at) VALUES (541, 'd7558967-c177-40f1-8360-25c7806329df', '2020-07-01');
INSERT INTO ORDER_LINE (id, order_id, price, quantity, product_id) VALUES (556, 541, 312.351948758398, 1, 55);
INSERT INTO ORDER_LINE (id, order_id, price, quantity, product_id) VALUES (557, 541, 331.47761365766314, 1, 63);
INSERT INTO ORDERS (id, user_id, created_at) VALUES (542, '6e21105f-3d24-4ca1-9fc0-b4e688992557', '2022-12-28');
INSERT INTO ORDER_LINE (id, order_id, price, quantity, product_id) VALUES (558, 542, 683.9634105109169, 1, 60);
INSERT INTO ORDERS (id, user_id, created_at) VALUES (543, '969775e5-95df-4b68-8e41-56bb781276c6', '2020-11-07');
INSERT INTO ORDER_LINE (id, order_id, price, quantity, product_id) VALUES (559, 543, 271.19928852222824, 1, 68);
INSERT INTO ORDER_LINE (id, order_id, price, quantity, product_id) VALUES (560, 543, 171.72763816019483, 1, 57);
INSERT INTO ORDERS (id, user_id, created_at) VALUES (544, 'ac0cf5a2-e5cf-49a7-855f-3bd2c0a79550', '2021-03-23');
INSERT INTO ORDER_LINE (id, order_id, price, quantity, product_id) VALUES (561, 544, 545.904067232761, 1, 61);
INSERT INTO ORDER_LINE (id, order_id, price, quantity, product_id) VALUES (562, 544, 295.7504585253994, 1, 55);
INSERT INTO ORDERS (id, user_id, created_at) VALUES (545, '24e137ba-d5b5-4ca7-aad1-5359463e0a53', '2021-04-08');
INSERT INTO ORDER_LINE (id, order_id, price, quantity, product_id) VALUES (563, 545, 674.3775568518869, 1, 59);
INSERT INTO ORDER_LINE (id, order_id, price, quantity, product_id) VALUES (564, 545, 517.6126174581641, 1, 64);
INSERT INTO ORDERS (id, user_id, created_at) VALUES (546, '98e2386a-5510-456c-88ea-60854a590b17', '2021-06-01');
INSERT INTO ORDER_LINE (id, order_id, price, quantity, product_id) VALUES (565, 546, 158.75081602047132, 1, 54);
INSERT INTO ORDERS (id, user_id, created_at) VALUES (547, '3ccff81d-9f57-44b4-b414-5dc8bed05a28', '2020-01-27');
INSERT INTO ORDER_LINE (id, order_id, price, quantity, product_id) VALUES (566, 547, 557.4861040811654, 1, 52);
INSERT INTO ORDER_LINE (id, order_id, price, quantity, product_id) VALUES (567, 547, 116.63075077442127, 1, 55);
INSERT INTO ORDERS (id, user_id, created_at) VALUES (548, '6e21105f-3d24-4ca1-9fc0-b4e688992557', '2021-03-19');
INSERT INTO ORDER_LINE (id, order_id, price, quantity, product_id) VALUES (568, 548, 476.1014248430789, 1, 51);
INSERT INTO ORDERS (id, user_id, created_at) VALUES (549, '471620c4-d859-49cd-b17b-5a27250d44a8', '2020-12-06');
INSERT INTO ORDER_LINE (id, order_id, price, quantity, product_id) VALUES (569, 549, 251.25396686050863, 1, 55);
INSERT INTO ORDER_LINE (id, order_id, price, quantity, product_id) VALUES (570, 549, 561.7075543471689, 1, 61);
INSERT INTO ORDERS (id, user_id, created_at) VALUES (550, 'd7558967-c177-40f1-8360-25c7806329df', '2023-01-17');
INSERT INTO ORDER_LINE (id, order_id, price, quantity, product_id) VALUES (571, 550, 124.61904019385264, 1, 66);
INSERT INTO ORDERS (id, user_id, created_at) VALUES (551, 'd7558967-c177-40f1-8360-25c7806329df', '2022-06-11');
INSERT INTO ORDER_LINE (id, order_id, price, quantity, product_id) VALUES (572, 551, 245.5019112641298, 1, 55);
INSERT INTO ORDER_LINE (id, order_id, price, quantity, product_id) VALUES (573, 551, 857.9485378898255, 1, 63);
INSERT INTO ORDERS (id, user_id, created_at) VALUES (552, '24e137ba-d5b5-4ca7-aad1-5359463e0a53', '2020-01-29');
INSERT INTO ORDER_LINE (id, order_id, price, quantity, product_id) VALUES (574, 552, 134.65851902700248, 1, 58);
INSERT INTO ORDER_LINE (id, order_id, price, quantity, product_id) VALUES (575, 552, 498.8067193660137, 1, 64);
INSERT INTO ORDERS (id, user_id, created_at) VALUES (553, 'ffd5500e-1231-48e2-8384-3dc15fc7ed90', '2022-11-15');
INSERT INTO ORDER_LINE (id, order_id, price, quantity, product_id) VALUES (576, 553, 796.9477124006474, 1, 55);
INSERT INTO ORDER_LINE (id, order_id, price, quantity, product_id) VALUES (577, 553, 241.77688030913433, 1, 70);
INSERT INTO ORDERS (id, user_id, created_at) VALUES (554, '969775e5-95df-4b68-8e41-56bb781276c6', '2021-01-21');
INSERT INTO ORDER_LINE (id, order_id, price, quantity, product_id) VALUES (578, 554, 675.120888975255, 1, 65);
INSERT INTO ORDER_LINE (id, order_id, price, quantity, product_id) VALUES (579, 554, 516.6036838005662, 1, 66);
INSERT INTO ORDERS (id, user_id, created_at) VALUES (555, 'ffd5500e-1231-48e2-8384-3dc15fc7ed90', '2020-12-24');
INSERT INTO ORDER_LINE (id, order_id, price, quantity, product_id) VALUES (580, 555, 607.2542343596306, 1, 69);
INSERT INTO ORDERS (id, user_id, created_at) VALUES (556, 'ffd5500e-1231-48e2-8384-3dc15fc7ed90', '2022-12-26');
INSERT INTO ORDER_LINE (id, order_id, price, quantity, product_id) VALUES (581, 556, 194.7596152547198, 1, 65);
INSERT INTO ORDERS (id, user_id, created_at) VALUES (557, '3ccff81d-9f57-44b4-b414-5dc8bed05a28', '2021-01-05');
INSERT INTO ORDER_LINE (id, order_id, price, quantity, product_id) VALUES (582, 557, 672.4235445604687, 1, 56);
INSERT INTO ORDER_LINE (id, order_id, price, quantity, product_id) VALUES (583, 557, 877.6548564160377, 1, 56);
INSERT INTO ORDERS (id, user_id, created_at) VALUES (558, '969775e5-95df-4b68-8e41-56bb781276c6', '2022-01-10');
INSERT INTO ORDER_LINE (id, order_id, price, quantity, product_id) VALUES (584, 558, 378.104529997909, 1, 69);
INSERT INTO ORDERS (id, user_id, created_at) VALUES (559, '24e137ba-d5b5-4ca7-aad1-5359463e0a53', '2022-10-06');
INSERT INTO ORDER_LINE (id, order_id, price, quantity, product_id) VALUES (585, 559, 875.6957912252868, 1, 59);
INSERT INTO ORDER_LINE (id, order_id, price, quantity, product_id) VALUES (586, 559, 695.4715303529557, 1, 52);
INSERT INTO ORDERS (id, user_id, created_at) VALUES (560, '471620c4-d859-49cd-b17b-5a27250d44a8', '2022-01-03');
INSERT INTO ORDER_LINE (id, order_id, price, quantity, product_id) VALUES (587, 560, 312.4297190540154, 1, 52);
INSERT INTO ORDERS (id, user_id, created_at) VALUES (561, 'c07ed80f-8658-40af-b5d1-bcda05f8e115', '2022-01-30');
INSERT INTO ORDER_LINE (id, order_id, price, quantity, product_id) VALUES (588, 561, 375.91998729582724, 1, 57);
INSERT INTO ORDERS (id, user_id, created_at) VALUES (562, 'd7558967-c177-40f1-8360-25c7806329df', '2022-04-20');
INSERT INTO ORDER_LINE (id, order_id, price, quantity, product_id) VALUES (589, 562, 604.7695414708277, 1, 54);
INSERT INTO ORDERS (id, user_id, created_at) VALUES (563, 'd7558967-c177-40f1-8360-25c7806329df', '2022-06-06');
INSERT INTO ORDER_LINE (id, order_id, price, quantity, product_id) VALUES (590, 563, 622.4161604122484, 1, 70);
INSERT INTO ORDER_LINE (id, order_id, price, quantity, product_id) VALUES (591, 563, 443.3137885216504, 1, 69);
INSERT INTO ORDERS (id, user_id, created_at) VALUES (564, '471620c4-d859-49cd-b17b-5a27250d44a8', '2020-07-09');
INSERT INTO ORDER_LINE (id, order_id, price, quantity, product_id) VALUES (592, 564, 555.2631299969311, 1, 56);
INSERT INTO ORDERS (id, user_id, created_at) VALUES (565, '3ccff81d-9f57-44b4-b414-5dc8bed05a28', '2021-11-13');
INSERT INTO ORDER_LINE (id, order_id, price, quantity, product_id) VALUES (593, 565, 617.4127766258067, 1, 59);
INSERT INTO ORDER_LINE (id, order_id, price, quantity, product_id) VALUES (594, 565, 829.7931683380375, 1, 63);
INSERT INTO ORDERS (id, user_id, created_at) VALUES (566, 'd7558967-c177-40f1-8360-25c7806329df', '2022-11-14');
INSERT INTO ORDER_LINE (id, order_id, price, quantity, product_id) VALUES (595, 566, 450.3910729726502, 1, 60);
INSERT INTO ORDERS (id, user_id, created_at) VALUES (567, 'ac0cf5a2-e5cf-49a7-855f-3bd2c0a79550', '2021-08-29');
INSERT INTO ORDER_LINE (id, order_id, price, quantity, product_id) VALUES (596, 567, 147.65545136084066, 1, 55);
INSERT INTO ORDER_LINE (id, order_id, price, quantity, product_id) VALUES (597, 567, 172.39515507017194, 1, 56);
INSERT INTO ORDERS (id, user_id, created_at) VALUES (568, '969775e5-95df-4b68-8e41-56bb781276c6', '2022-10-06');
INSERT INTO ORDER_LINE (id, order_id, price, quantity, product_id) VALUES (598, 568, 383.9019949550839, 1, 62);
INSERT INTO ORDER_LINE (id, order_id, price, quantity, product_id) VALUES (599, 568, 481.18293023573005, 1, 53);
INSERT INTO ORDERS (id, user_id, created_at) VALUES (569, '3ccff81d-9f57-44b4-b414-5dc8bed05a28', '2021-07-27');
INSERT INTO ORDER_LINE (id, order_id, price, quantity, product_id) VALUES (600, 569, 567.4834813956222, 1, 64);
INSERT INTO ORDER_LINE (id, order_id, price, quantity, product_id) VALUES (601, 569, 734.9249958521061, 1, 55);
INSERT INTO ORDERS (id, user_id, created_at) VALUES (570, 'd7558967-c177-40f1-8360-25c7806329df', '2022-09-13');
INSERT INTO ORDER_LINE (id, order_id, price, quantity, product_id) VALUES (602, 570, 596.5974286498101, 1, 54);
INSERT INTO ORDER_LINE (id, order_id, price, quantity, product_id) VALUES (603, 570, 258.60163695509334, 1, 65);
INSERT INTO ORDERS (id, user_id, created_at) VALUES (571, 'd7558967-c177-40f1-8360-25c7806329df', '2023-01-17');
INSERT INTO ORDER_LINE (id, order_id, price, quantity, product_id) VALUES (604, 571, 708.6082942421195, 1, 61);
INSERT INTO ORDER_LINE (id, order_id, price, quantity, product_id) VALUES (605, 571, 140.15940647362646, 1, 69);
INSERT INTO ORDERS (id, user_id, created_at) VALUES (572, '98e2386a-5510-456c-88ea-60854a590b17', '2021-02-12');
INSERT INTO ORDER_LINE (id, order_id, price, quantity, product_id) VALUES (606, 572, 477.7471857715697, 1, 52);
INSERT INTO ORDER_LINE (id, order_id, price, quantity, product_id) VALUES (607, 572, 186.64163121775434, 1, 58);
INSERT INTO ORDERS (id, user_id, created_at) VALUES (573, 'ac0cf5a2-e5cf-49a7-855f-3bd2c0a79550', '2021-05-16');
INSERT INTO ORDER_LINE (id, order_id, price, quantity, product_id) VALUES (608, 573, 569.3314086672844, 1, 64);
INSERT INTO ORDER_LINE (id, order_id, price, quantity, product_id) VALUES (609, 573, 337.28016121436235, 1, 70);
INSERT INTO ORDERS (id, user_id, created_at) VALUES (574, 'ffd5500e-1231-48e2-8384-3dc15fc7ed90', '2021-07-05');
INSERT INTO ORDER_LINE (id, order_id, price, quantity, product_id) VALUES (610, 574, 440.67501033399657, 1, 65);
INSERT INTO ORDERS (id, user_id, created_at) VALUES (575, 'ffd5500e-1231-48e2-8384-3dc15fc7ed90', '2020-08-27');
INSERT INTO ORDER_LINE (id, order_id, price, quantity, product_id) VALUES (611, 575, 731.744235305297, 1, 67);
INSERT INTO ORDER_LINE (id, order_id, price, quantity, product_id) VALUES (612, 575, 465.28693691203824, 1, 56);
INSERT INTO ORDERS (id, user_id, created_at) VALUES (576, '471620c4-d859-49cd-b17b-5a27250d44a8', '2022-03-26');
INSERT INTO ORDER_LINE (id, order_id, price, quantity, product_id) VALUES (613, 576, 685.9484859917934, 1, 64);
INSERT INTO ORDERS (id, user_id, created_at) VALUES (577, '6e21105f-3d24-4ca1-9fc0-b4e688992557', '2021-04-04');
INSERT INTO ORDER_LINE (id, order_id, price, quantity, product_id) VALUES (614, 577, 245.557251974852, 1, 64);
INSERT INTO ORDERS (id, user_id, created_at) VALUES (578, '24e137ba-d5b5-4ca7-aad1-5359463e0a53', '2022-11-30');
INSERT INTO ORDER_LINE (id, order_id, price, quantity, product_id) VALUES (615, 578, 774.0819225378937, 1, 59);
INSERT INTO ORDERS (id, user_id, created_at) VALUES (579, 'd7558967-c177-40f1-8360-25c7806329df', '2022-12-10');
INSERT INTO ORDER_LINE (id, order_id, price, quantity, product_id) VALUES (616, 579, 366.7686743930555, 1, 50);
INSERT INTO ORDER_LINE (id, order_id, price, quantity, product_id) VALUES (617, 579, 719.1021534826176, 1, 70);
INSERT INTO ORDERS (id, user_id, created_at) VALUES (580, 'ac0cf5a2-e5cf-49a7-855f-3bd2c0a79550', '2021-09-11');
INSERT INTO ORDER_LINE (id, order_id, price, quantity, product_id) VALUES (618, 580, 312.6395662494642, 1, 53);
INSERT INTO ORDER_LINE (id, order_id, price, quantity, product_id) VALUES (619, 580, 471.29103254163107, 1, 50);
INSERT INTO ORDERS (id, user_id, created_at) VALUES (581, '969775e5-95df-4b68-8e41-56bb781276c6', '2022-08-09');
INSERT INTO ORDER_LINE (id, order_id, price, quantity, product_id) VALUES (620, 581, 202.29263207250517, 1, 55);
INSERT INTO ORDER_LINE (id, order_id, price, quantity, product_id) VALUES (621, 581, 869.6077373766475, 1, 57);
INSERT INTO ORDERS (id, user_id, created_at) VALUES (582, '98e2386a-5510-456c-88ea-60854a590b17', '2021-06-03');
INSERT INTO ORDER_LINE (id, order_id, price, quantity, product_id) VALUES (622, 582, 735.7944892478617, 1, 59);
INSERT INTO ORDERS (id, user_id, created_at) VALUES (583, '6e21105f-3d24-4ca1-9fc0-b4e688992557', '2021-06-03');
INSERT INTO ORDER_LINE (id, order_id, price, quantity, product_id) VALUES (623, 583, 374.7051811764859, 1, 52);
INSERT INTO ORDERS (id, user_id, created_at) VALUES (584, '24e137ba-d5b5-4ca7-aad1-5359463e0a53', '2021-05-31');
INSERT INTO ORDER_LINE (id, order_id, price, quantity, product_id) VALUES (624, 584, 448.29530176383133, 1, 54);
INSERT INTO ORDERS (id, user_id, created_at) VALUES (585, '6e21105f-3d24-4ca1-9fc0-b4e688992557', '2022-09-21');
INSERT INTO ORDER_LINE (id, order_id, price, quantity, product_id) VALUES (625, 585, 532.7966849736572, 1, 70);
INSERT INTO ORDER_LINE (id, order_id, price, quantity, product_id) VALUES (626, 585, 718.5158093353999, 1, 56);
INSERT INTO ORDERS (id, user_id, created_at) VALUES (586, '969775e5-95df-4b68-8e41-56bb781276c6', '2022-10-09');
INSERT INTO ORDER_LINE (id, order_id, price, quantity, product_id) VALUES (627, 586, 185.88114351573407, 1, 61);
INSERT INTO ORDERS (id, user_id, created_at) VALUES (587, '3ccff81d-9f57-44b4-b414-5dc8bed05a28', '2020-07-27');
INSERT INTO ORDER_LINE (id, order_id, price, quantity, product_id) VALUES (628, 587, 140.62068369089832, 1, 66);
INSERT INTO ORDER_LINE (id, order_id, price, quantity, product_id) VALUES (629, 587, 570.5823424270877, 1, 56);
INSERT INTO ORDERS (id, user_id, created_at) VALUES (588, 'ffd5500e-1231-48e2-8384-3dc15fc7ed90', '2022-07-05');
INSERT INTO ORDER_LINE (id, order_id, price, quantity, product_id) VALUES (630, 588, 447.02037132987533, 1, 70);
INSERT INTO ORDERS (id, user_id, created_at) VALUES (589, '471620c4-d859-49cd-b17b-5a27250d44a8', '2022-08-15');
INSERT INTO ORDER_LINE (id, order_id, price, quantity, product_id) VALUES (631, 589, 879.2989972041377, 1, 50);
INSERT INTO ORDER_LINE (id, order_id, price, quantity, product_id) VALUES (632, 589, 447.633700551761, 1, 59);
INSERT INTO ORDERS (id, user_id, created_at) VALUES (590, '471620c4-d859-49cd-b17b-5a27250d44a8', '2022-03-02');
INSERT INTO ORDER_LINE (id, order_id, price, quantity, product_id) VALUES (633, 590, 822.0941622056704, 1, 68);
INSERT INTO ORDER_LINE (id, order_id, price, quantity, product_id) VALUES (634, 590, 567.1476889850475, 1, 65);
INSERT INTO ORDERS (id, user_id, created_at) VALUES (591, 'd7558967-c177-40f1-8360-25c7806329df', '2022-02-01');
INSERT INTO ORDER_LINE (id, order_id, price, quantity, product_id) VALUES (635, 591, 520.2316142322442, 1, 69);
INSERT INTO ORDER_LINE (id, order_id, price, quantity, product_id) VALUES (636, 591, 232.31072146639127, 1, 64);
INSERT INTO ORDERS (id, user_id, created_at) VALUES (592, '969775e5-95df-4b68-8e41-56bb781276c6', '2022-02-23');
INSERT INTO ORDER_LINE (id, order_id, price, quantity, product_id) VALUES (637, 592, 399.23575944679754, 1, 64);
INSERT INTO ORDERS (id, user_id, created_at) VALUES (593, '6e21105f-3d24-4ca1-9fc0-b4e688992557', '2021-10-11');
INSERT INTO ORDER_LINE (id, order_id, price, quantity, product_id) VALUES (638, 593, 818.4958846302156, 1, 57);
INSERT INTO ORDERS (id, user_id, created_at) VALUES (594, '3ccff81d-9f57-44b4-b414-5dc8bed05a28', '2020-08-02');
INSERT INTO ORDER_LINE (id, order_id, price, quantity, product_id) VALUES (639, 594, 217.01248240369458, 1, 68);
INSERT INTO ORDERS (id, user_id, created_at) VALUES (595, 'ac0cf5a2-e5cf-49a7-855f-3bd2c0a79550', '2021-10-18');
INSERT INTO ORDER_LINE (id, order_id, price, quantity, product_id) VALUES (640, 595, 388.49314185522996, 1, 64);
INSERT INTO ORDER_LINE (id, order_id, price, quantity, product_id) VALUES (641, 595, 239.2451617039124, 1, 65);
INSERT INTO ORDERS (id, user_id, created_at) VALUES (596, 'd7558967-c177-40f1-8360-25c7806329df', '2021-05-09');
INSERT INTO ORDER_LINE (id, order_id, price, quantity, product_id) VALUES (642, 596, 404.2270454492677, 1, 59);
INSERT INTO ORDER_LINE (id, order_id, price, quantity, product_id) VALUES (643, 596, 273.6092550493087, 1, 67);
INSERT INTO ORDERS (id, user_id, created_at) VALUES (597, '3ccff81d-9f57-44b4-b414-5dc8bed05a28', '2022-03-24');
INSERT INTO ORDER_LINE (id, order_id, price, quantity, product_id) VALUES (644, 597, 606.9347618369104, 1, 67);
INSERT INTO ORDER_LINE (id, order_id, price, quantity, product_id) VALUES (645, 597, 406.7698734909975, 1, 57);
INSERT INTO ORDERS (id, user_id, created_at) VALUES (598, '3ccff81d-9f57-44b4-b414-5dc8bed05a28', '2021-08-04');
INSERT INTO ORDER_LINE (id, order_id, price, quantity, product_id) VALUES (646, 598, 114.31202073859117, 1, 67);
INSERT INTO ORDER_LINE (id, order_id, price, quantity, product_id) VALUES (647, 598, 490.09095555894726, 1, 59);
INSERT INTO ORDERS (id, user_id, created_at) VALUES (599, '3ccff81d-9f57-44b4-b414-5dc8bed05a28', '2020-04-15');
INSERT INTO ORDER_LINE (id, order_id, price, quantity, product_id) VALUES (648, 599, 394.07364991258663, 1, 59);
INSERT INTO ORDER_LINE (id, order_id, price, quantity, product_id) VALUES (649, 599, 663.2497901950395, 1, 56);
INSERT INTO ORDERS (id, user_id, created_at) VALUES (600, 'c07ed80f-8658-40af-b5d1-bcda05f8e115', '2020-03-23');
INSERT INTO ORDER_LINE (id, order_id, price, quantity, product_id) VALUES (650, 600, 240.1227656434017, 1, 52);
INSERT INTO ORDERS (id, user_id, created_at) VALUES (601, 'ffd5500e-1231-48e2-8384-3dc15fc7ed90', '2022-02-28');
INSERT INTO ORDER_LINE (id, order_id, price, quantity, product_id) VALUES (651, 601, 343.8093221939846, 1, 66);
INSERT INTO ORDERS (id, user_id, created_at) VALUES (602, '969775e5-95df-4b68-8e41-56bb781276c6', '2020-12-29');
INSERT INTO ORDER_LINE (id, order_id, price, quantity, product_id) VALUES (652, 602, 683.3525171211137, 1, 50);
INSERT INTO ORDER_LINE (id, order_id, price, quantity, product_id) VALUES (653, 602, 693.9321511893969, 1, 66);
INSERT INTO ORDERS (id, user_id, created_at) VALUES (603, 'ac0cf5a2-e5cf-49a7-855f-3bd2c0a79550', '2022-08-07');
INSERT INTO ORDER_LINE (id, order_id, price, quantity, product_id) VALUES (654, 603, 602.2516275776879, 1, 63);
INSERT INTO ORDERS (id, user_id, created_at) VALUES (604, '471620c4-d859-49cd-b17b-5a27250d44a8', '2021-04-08');
INSERT INTO ORDER_LINE (id, order_id, price, quantity, product_id) VALUES (655, 604, 471.82662142505825, 1, 62);
INSERT INTO ORDER_LINE (id, order_id, price, quantity, product_id) VALUES (656, 604, 590.0996668689354, 1, 61);
INSERT INTO ORDERS (id, user_id, created_at) VALUES (605, '98e2386a-5510-456c-88ea-60854a590b17', '2020-12-20');
INSERT INTO ORDER_LINE (id, order_id, price, quantity, product_id) VALUES (657, 605, 249.89402134997994, 1, 58);
INSERT INTO ORDER_LINE (id, order_id, price, quantity, product_id) VALUES (658, 605, 532.7399954610969, 1, 59);
INSERT INTO ORDERS (id, user_id, created_at) VALUES (606, 'd7558967-c177-40f1-8360-25c7806329df', '2021-02-16');
INSERT INTO ORDER_LINE (id, order_id, price, quantity, product_id) VALUES (659, 606, 666.5905255965849, 1, 53);
INSERT INTO ORDER_LINE (id, order_id, price, quantity, product_id) VALUES (660, 606, 442.8321929828076, 1, 52);
INSERT INTO ORDERS (id, user_id, created_at) VALUES (607, 'c07ed80f-8658-40af-b5d1-bcda05f8e115', '2021-03-01');
INSERT INTO ORDER_LINE (id, order_id, price, quantity, product_id) VALUES (661, 607, 490.6264391519656, 1, 55);
INSERT INTO ORDER_LINE (id, order_id, price, quantity, product_id) VALUES (662, 607, 857.8143074905399, 1, 54);
INSERT INTO ORDERS (id, user_id, created_at) VALUES (608, '6e21105f-3d24-4ca1-9fc0-b4e688992557', '2020-07-19');
INSERT INTO ORDER_LINE (id, order_id, price, quantity, product_id) VALUES (663, 608, 450.20726088012725, 1, 61);
INSERT INTO ORDERS (id, user_id, created_at) VALUES (609, '969775e5-95df-4b68-8e41-56bb781276c6', '2021-04-23');
INSERT INTO ORDER_LINE (id, order_id, price, quantity, product_id) VALUES (664, 609, 896.7823338212463, 1, 58);
INSERT INTO ORDER_LINE (id, order_id, price, quantity, product_id) VALUES (665, 609, 489.16550232604123, 1, 58);
INSERT INTO ORDERS (id, user_id, created_at) VALUES (610, 'ac0cf5a2-e5cf-49a7-855f-3bd2c0a79550', '2021-02-03');
INSERT INTO ORDER_LINE (id, order_id, price, quantity, product_id) VALUES (666, 610, 378.0539474034697, 1, 69);
INSERT INTO ORDERS (id, user_id, created_at) VALUES (611, '98e2386a-5510-456c-88ea-60854a590b17', '2021-05-04');
INSERT INTO ORDER_LINE (id, order_id, price, quantity, product_id) VALUES (667, 611, 141.44342311395064, 1, 53);
INSERT INTO ORDER_LINE (id, order_id, price, quantity, product_id) VALUES (668, 611, 820.4579910923663, 1, 56);
INSERT INTO ORDERS (id, user_id, created_at) VALUES (612, '24e137ba-d5b5-4ca7-aad1-5359463e0a53', '2021-03-04');
INSERT INTO ORDER_LINE (id, order_id, price, quantity, product_id) VALUES (669, 612, 722.088529086766, 1, 58);
INSERT INTO ORDER_LINE (id, order_id, price, quantity, product_id) VALUES (670, 612, 553.4524433211645, 1, 61);
INSERT INTO ORDERS (id, user_id, created_at) VALUES (613, '969775e5-95df-4b68-8e41-56bb781276c6', '2020-10-24');
INSERT INTO ORDER_LINE (id, order_id, price, quantity, product_id) VALUES (671, 613, 541.6198691123018, 1, 54);
INSERT INTO ORDERS (id, user_id, created_at) VALUES (614, '471620c4-d859-49cd-b17b-5a27250d44a8', '2020-06-22');
INSERT INTO ORDER_LINE (id, order_id, price, quantity, product_id) VALUES (672, 614, 378.1907707255419, 1, 55);
INSERT INTO ORDER_LINE (id, order_id, price, quantity, product_id) VALUES (673, 614, 393.38041149573604, 1, 65);
INSERT INTO ORDERS (id, user_id, created_at) VALUES (615, '98e2386a-5510-456c-88ea-60854a590b17', '2021-07-28');
INSERT INTO ORDER_LINE (id, order_id, price, quantity, product_id) VALUES (674, 615, 832.1561405595847, 1, 67);
INSERT INTO ORDER_LINE (id, order_id, price, quantity, product_id) VALUES (675, 615, 722.2179891764497, 1, 62);
INSERT INTO ORDERS (id, user_id, created_at) VALUES (616, 'ffd5500e-1231-48e2-8384-3dc15fc7ed90', '2022-05-27');
INSERT INTO ORDER_LINE (id, order_id, price, quantity, product_id) VALUES (676, 616, 255.22641947640273, 1, 62);
INSERT INTO ORDER_LINE (id, order_id, price, quantity, product_id) VALUES (677, 616, 717.6995674126929, 1, 68);
INSERT INTO ORDERS (id, user_id, created_at) VALUES (617, 'ac0cf5a2-e5cf-49a7-855f-3bd2c0a79550', '2020-06-12');
INSERT INTO ORDER_LINE (id, order_id, price, quantity, product_id) VALUES (678, 617, 778.1208896151292, 1, 54);
INSERT INTO ORDER_LINE (id, order_id, price, quantity, product_id) VALUES (679, 617, 605.49227657239, 1, 67);
INSERT INTO ORDERS (id, user_id, created_at) VALUES (618, 'c07ed80f-8658-40af-b5d1-bcda05f8e115', '2021-11-17');
INSERT INTO ORDER_LINE (id, order_id, price, quantity, product_id) VALUES (680, 618, 235.45497333950615, 1, 51);
INSERT INTO ORDER_LINE (id, order_id, price, quantity, product_id) VALUES (681, 618, 358.29879787640476, 1, 57);
INSERT INTO ORDERS (id, user_id, created_at) VALUES (619, 'ac0cf5a2-e5cf-49a7-855f-3bd2c0a79550', '2022-09-21');
INSERT INTO ORDER_LINE (id, order_id, price, quantity, product_id) VALUES (682, 619, 411.9505689140179, 1, 63);
INSERT INTO ORDERS (id, user_id, created_at) VALUES (620, '6e21105f-3d24-4ca1-9fc0-b4e688992557', '2022-01-19');
INSERT INTO ORDER_LINE (id, order_id, price, quantity, product_id) VALUES (683, 620, 517.5217532645631, 1, 64);
INSERT INTO ORDER_LINE (id, order_id, price, quantity, product_id) VALUES (684, 620, 711.232186163505, 1, 56);
INSERT INTO ORDERS (id, user_id, created_at) VALUES (621, '98e2386a-5510-456c-88ea-60854a590b17', '2022-06-15');
INSERT INTO ORDER_LINE (id, order_id, price, quantity, product_id) VALUES (685, 621, 708.7117160253206, 1, 60);
INSERT INTO ORDER_LINE (id, order_id, price, quantity, product_id) VALUES (686, 621, 467.5900156302641, 1, 56);
INSERT INTO ORDERS (id, user_id, created_at) VALUES (622, '6e21105f-3d24-4ca1-9fc0-b4e688992557', '2022-04-17');
INSERT INTO ORDER_LINE (id, order_id, price, quantity, product_id) VALUES (687, 622, 134.3700261905858, 1, 62);
INSERT INTO ORDER_LINE (id, order_id, price, quantity, product_id) VALUES (688, 622, 832.9126950986135, 1, 52);
INSERT INTO ORDERS (id, user_id, created_at) VALUES (623, '969775e5-95df-4b68-8e41-56bb781276c6', '2020-11-25');
INSERT INTO ORDER_LINE (id, order_id, price, quantity, product_id) VALUES (689, 623, 216.25537838877432, 1, 66);
INSERT INTO ORDER_LINE (id, order_id, price, quantity, product_id) VALUES (690, 623, 460.8837517861572, 1, 61);
INSERT INTO ORDERS (id, user_id, created_at) VALUES (624, 'ac0cf5a2-e5cf-49a7-855f-3bd2c0a79550', '2022-11-03');
INSERT INTO ORDER_LINE (id, order_id, price, quantity, product_id) VALUES (691, 624, 231.69858010815415, 1, 58);
INSERT INTO ORDERS (id, user_id, created_at) VALUES (625, '98e2386a-5510-456c-88ea-60854a590b17', '2021-06-06');
INSERT INTO ORDER_LINE (id, order_id, price, quantity, product_id) VALUES (692, 625, 605.2459902949086, 1, 50);
INSERT INTO ORDERS (id, user_id, created_at) VALUES (626, '969775e5-95df-4b68-8e41-56bb781276c6', '2021-04-25');
INSERT INTO ORDER_LINE (id, order_id, price, quantity, product_id) VALUES (693, 626, 387.86878283198956, 1, 53);
INSERT INTO ORDERS (id, user_id, created_at) VALUES (627, 'd7558967-c177-40f1-8360-25c7806329df', '2020-04-25');
INSERT INTO ORDER_LINE (id, order_id, price, quantity, product_id) VALUES (694, 627, 158.99760087520718, 1, 50);
INSERT INTO ORDERS (id, user_id, created_at) VALUES (628, '6e21105f-3d24-4ca1-9fc0-b4e688992557', '2021-11-17');
INSERT INTO ORDER_LINE (id, order_id, price, quantity, product_id) VALUES (695, 628, 504.55393197614615, 1, 50);
INSERT INTO ORDERS (id, user_id, created_at) VALUES (629, '969775e5-95df-4b68-8e41-56bb781276c6', '2022-08-22');
INSERT INTO ORDER_LINE (id, order_id, price, quantity, product_id) VALUES (696, 629, 279.22641953269874, 1, 59);
INSERT INTO ORDERS (id, user_id, created_at) VALUES (630, '24e137ba-d5b5-4ca7-aad1-5359463e0a53', '2022-07-23');
INSERT INTO ORDER_LINE (id, order_id, price, quantity, product_id) VALUES (697, 630, 336.21936554826937, 1, 51);
INSERT INTO ORDER_LINE (id, order_id, price, quantity, product_id) VALUES (698, 630, 169.71063781964438, 1, 61);
INSERT INTO ORDERS (id, user_id, created_at) VALUES (631, '3ccff81d-9f57-44b4-b414-5dc8bed05a28', '2021-10-03');
INSERT INTO ORDER_LINE (id, order_id, price, quantity, product_id) VALUES (699, 631, 614.5111992146182, 1, 62);
INSERT INTO ORDER_LINE (id, order_id, price, quantity, product_id) VALUES (700, 631, 235.66821718644758, 1, 58);
INSERT INTO ORDERS (id, user_id, created_at) VALUES (632, '3ccff81d-9f57-44b4-b414-5dc8bed05a28', '2020-09-29');
INSERT INTO ORDER_LINE (id, order_id, price, quantity, product_id) VALUES (701, 632, 294.9501957533504, 1, 53);
INSERT INTO ORDERS (id, user_id, created_at) VALUES (633, '24e137ba-d5b5-4ca7-aad1-5359463e0a53', '2020-03-17');
INSERT INTO ORDER_LINE (id, order_id, price, quantity, product_id) VALUES (702, 633, 800.4888534936653, 1, 56);
INSERT INTO ORDERS (id, user_id, created_at) VALUES (634, 'ffd5500e-1231-48e2-8384-3dc15fc7ed90', '2022-10-24');
INSERT INTO ORDER_LINE (id, order_id, price, quantity, product_id) VALUES (703, 634, 555.1875981168907, 1, 57);
INSERT INTO ORDER_LINE (id, order_id, price, quantity, product_id) VALUES (704, 634, 488.68523430460993, 1, 68);
INSERT INTO ORDERS (id, user_id, created_at) VALUES (635, '24e137ba-d5b5-4ca7-aad1-5359463e0a53', '2020-03-26');
INSERT INTO ORDER_LINE (id, order_id, price, quantity, product_id) VALUES (705, 635, 474.0288856111284, 1, 54);
INSERT INTO ORDER_LINE (id, order_id, price, quantity, product_id) VALUES (706, 635, 397.02060966384875, 1, 62);
INSERT INTO ORDERS (id, user_id, created_at) VALUES (636, 'ac0cf5a2-e5cf-49a7-855f-3bd2c0a79550', '2020-12-13');
INSERT INTO ORDER_LINE (id, order_id, price, quantity, product_id) VALUES (707, 636, 530.3671354190063, 1, 56);
INSERT INTO ORDER_LINE (id, order_id, price, quantity, product_id) VALUES (708, 636, 414.9163868349434, 1, 58);
INSERT INTO ORDERS (id, user_id, created_at) VALUES (637, 'ffd5500e-1231-48e2-8384-3dc15fc7ed90', '2020-06-01');
INSERT INTO ORDER_LINE (id, order_id, price, quantity, product_id) VALUES (709, 637, 265.09270456578383, 1, 65);
INSERT INTO ORDERS (id, user_id, created_at) VALUES (638, 'ac0cf5a2-e5cf-49a7-855f-3bd2c0a79550', '2020-08-13');
INSERT INTO ORDER_LINE (id, order_id, price, quantity, product_id) VALUES (710, 638, 663.0467297268312, 1, 63);
INSERT INTO ORDERS (id, user_id, created_at) VALUES (639, 'c07ed80f-8658-40af-b5d1-bcda05f8e115', '2022-04-06');
INSERT INTO ORDER_LINE (id, order_id, price, quantity, product_id) VALUES (711, 639, 481.3768740567973, 1, 64);
INSERT INTO ORDER_LINE (id, order_id, price, quantity, product_id) VALUES (712, 639, 199.8114967624594, 1, 53);
INSERT INTO ORDERS (id, user_id, created_at) VALUES (640, 'ac0cf5a2-e5cf-49a7-855f-3bd2c0a79550', '2021-02-13');
INSERT INTO ORDER_LINE (id, order_id, price, quantity, product_id) VALUES (713, 640, 602.1180580405409, 1, 50);
INSERT INTO ORDERS (id, user_id, created_at) VALUES (641, 'ffd5500e-1231-48e2-8384-3dc15fc7ed90', '2020-11-19');
INSERT INTO ORDER_LINE (id, order_id, price, quantity, product_id) VALUES (714, 641, 693.2644600276674, 1, 53);
INSERT INTO ORDERS (id, user_id, created_at) VALUES (642, 'ac0cf5a2-e5cf-49a7-855f-3bd2c0a79550', '2021-04-18');
INSERT INTO ORDER_LINE (id, order_id, price, quantity, product_id) VALUES (715, 642, 736.9099533186018, 1, 66);
INSERT INTO ORDER_LINE (id, order_id, price, quantity, product_id) VALUES (716, 642, 296.50266312214046, 1, 58);
INSERT INTO ORDERS (id, user_id, created_at) VALUES (643, 'ac0cf5a2-e5cf-49a7-855f-3bd2c0a79550', '2022-02-06');
INSERT INTO ORDER_LINE (id, order_id, price, quantity, product_id) VALUES (717, 643, 236.029953469935, 1, 52);
INSERT INTO ORDER_LINE (id, order_id, price, quantity, product_id) VALUES (718, 643, 134.33121736802508, 1, 67);
INSERT INTO ORDERS (id, user_id, created_at) VALUES (644, 'ffd5500e-1231-48e2-8384-3dc15fc7ed90', '2022-09-16');
INSERT INTO ORDER_LINE (id, order_id, price, quantity, product_id) VALUES (719, 644, 317.6148882533872, 1, 54);
INSERT INTO ORDERS (id, user_id, created_at) VALUES (645, '969775e5-95df-4b68-8e41-56bb781276c6', '2020-09-20');
INSERT INTO ORDER_LINE (id, order_id, price, quantity, product_id) VALUES (720, 645, 476.31521359457736, 1, 55);
INSERT INTO ORDER_LINE (id, order_id, price, quantity, product_id) VALUES (721, 645, 806.3941950578561, 1, 62);
INSERT INTO ORDERS (id, user_id, created_at) VALUES (646, 'd7558967-c177-40f1-8360-25c7806329df', '2021-08-30');
INSERT INTO ORDER_LINE (id, order_id, price, quantity, product_id) VALUES (722, 646, 590.6836293594657, 1, 60);
INSERT INTO ORDERS (id, user_id, created_at) VALUES (647, '24e137ba-d5b5-4ca7-aad1-5359463e0a53', '2022-03-07');
INSERT INTO ORDER_LINE (id, order_id, price, quantity, product_id) VALUES (723, 647, 501.10244646029753, 1, 61);
INSERT INTO ORDER_LINE (id, order_id, price, quantity, product_id) VALUES (724, 647, 125.89459672283878, 1, 63);
INSERT INTO ORDERS (id, user_id, created_at) VALUES (648, '6e21105f-3d24-4ca1-9fc0-b4e688992557', '2020-09-07');
INSERT INTO ORDER_LINE (id, order_id, price, quantity, product_id) VALUES (725, 648, 666.9603798560252, 1, 70);
INSERT INTO ORDER_LINE (id, order_id, price, quantity, product_id) VALUES (726, 648, 713.1177602902577, 1, 50);
INSERT INTO ORDERS (id, user_id, created_at) VALUES (649, '24e137ba-d5b5-4ca7-aad1-5359463e0a53', '2021-03-21');
INSERT INTO ORDER_LINE (id, order_id, price, quantity, product_id) VALUES (727, 649, 495.31310653746505, 1, 61);
INSERT INTO ORDERS (id, user_id, created_at) VALUES (650, '6e21105f-3d24-4ca1-9fc0-b4e688992557', '2020-05-25');
INSERT INTO ORDER_LINE (id, order_id, price, quantity, product_id) VALUES (728, 650, 654.5003651971583, 1, 59);
INSERT INTO ORDER_LINE (id, order_id, price, quantity, product_id) VALUES (729, 650, 658.8727697616738, 1, 61);
INSERT INTO ORDERS (id, user_id, created_at) VALUES (651, '3ccff81d-9f57-44b4-b414-5dc8bed05a28', '2021-05-03');
INSERT INTO ORDER_LINE (id, order_id, price, quantity, product_id) VALUES (730, 651, 350.62992508798806, 1, 57);
INSERT INTO ORDER_LINE (id, order_id, price, quantity, product_id) VALUES (731, 651, 282.9086262271853, 1, 52);
INSERT INTO ORDERS (id, user_id, created_at) VALUES (652, '24e137ba-d5b5-4ca7-aad1-5359463e0a53', '2020-03-09');
INSERT INTO ORDER_LINE (id, order_id, price, quantity, product_id) VALUES (732, 652, 794.1633053628047, 1, 61);
INSERT INTO ORDER_LINE (id, order_id, price, quantity, product_id) VALUES (733, 652, 861.0523873723208, 1, 51);
INSERT INTO ORDERS (id, user_id, created_at) VALUES (653, '3ccff81d-9f57-44b4-b414-5dc8bed05a28', '2021-07-01');
INSERT INTO ORDER_LINE (id, order_id, price, quantity, product_id) VALUES (734, 653, 669.1531997056461, 1, 65);
INSERT INTO ORDER_LINE (id, order_id, price, quantity, product_id) VALUES (735, 653, 683.7785089549689, 1, 59);
INSERT INTO ORDERS (id, user_id, created_at) VALUES (654, 'ffd5500e-1231-48e2-8384-3dc15fc7ed90', '2021-04-09');
INSERT INTO ORDER_LINE (id, order_id, price, quantity, product_id) VALUES (736, 654, 334.30122235221086, 1, 55);
INSERT INTO ORDER_LINE (id, order_id, price, quantity, product_id) VALUES (737, 654, 456.4596051315315, 1, 50);
INSERT INTO ORDERS (id, user_id, created_at) VALUES (655, 'ffd5500e-1231-48e2-8384-3dc15fc7ed90', '2021-09-13');
INSERT INTO ORDER_LINE (id, order_id, price, quantity, product_id) VALUES (738, 655, 861.7172637981926, 1, 55);
INSERT INTO ORDER_LINE (id, order_id, price, quantity, product_id) VALUES (739, 655, 351.38941470857344, 1, 65);
INSERT INTO ORDERS (id, user_id, created_at) VALUES (656, 'd7558967-c177-40f1-8360-25c7806329df', '2022-11-09');
INSERT INTO ORDER_LINE (id, order_id, price, quantity, product_id) VALUES (740, 656, 342.80859801952806, 1, 50);
INSERT INTO ORDER_LINE (id, order_id, price, quantity, product_id) VALUES (741, 656, 331.7283522360077, 1, 55);
INSERT INTO ORDERS (id, user_id, created_at) VALUES (657, '471620c4-d859-49cd-b17b-5a27250d44a8', '2022-05-25');
INSERT INTO ORDER_LINE (id, order_id, price, quantity, product_id) VALUES (742, 657, 277.20509805963474, 1, 57);
INSERT INTO ORDERS (id, user_id, created_at) VALUES (658, 'c07ed80f-8658-40af-b5d1-bcda05f8e115', '2023-01-19');
INSERT INTO ORDER_LINE (id, order_id, price, quantity, product_id) VALUES (743, 658, 425.1525928872943, 1, 55);
INSERT INTO ORDERS (id, user_id, created_at) VALUES (659, '6e21105f-3d24-4ca1-9fc0-b4e688992557', '2022-10-21');
INSERT INTO ORDER_LINE (id, order_id, price, quantity, product_id) VALUES (744, 659, 875.1026823919872, 1, 59);
INSERT INTO ORDER_LINE (id, order_id, price, quantity, product_id) VALUES (745, 659, 270.82030631254634, 1, 65);
INSERT INTO ORDERS (id, user_id, created_at) VALUES (660, 'ac0cf5a2-e5cf-49a7-855f-3bd2c0a79550', '2022-03-29');
INSERT INTO ORDER_LINE (id, order_id, price, quantity, product_id) VALUES (746, 660, 567.1005737188796, 1, 64);
INSERT INTO ORDER_LINE (id, order_id, price, quantity, product_id) VALUES (747, 660, 250.22667555770175, 1, 52);
INSERT INTO ORDERS (id, user_id, created_at) VALUES (661, '24e137ba-d5b5-4ca7-aad1-5359463e0a53', '2022-04-15');
INSERT INTO ORDER_LINE (id, order_id, price, quantity, product_id) VALUES (748, 661, 119.40809751232493, 1, 53);
INSERT INTO ORDERS (id, user_id, created_at) VALUES (662, '3ccff81d-9f57-44b4-b414-5dc8bed05a28', '2020-03-30');
INSERT INTO ORDER_LINE (id, order_id, price, quantity, product_id) VALUES (749, 662, 328.7814055249173, 1, 53);
INSERT INTO ORDERS (id, user_id, created_at) VALUES (663, '98e2386a-5510-456c-88ea-60854a590b17', '2022-07-17');
INSERT INTO ORDER_LINE (id, order_id, price, quantity, product_id) VALUES (750, 663, 727.5984658042516, 1, 67);
INSERT INTO ORDERS (id, user_id, created_at) VALUES (664, '969775e5-95df-4b68-8e41-56bb781276c6', '2021-03-27');
INSERT INTO ORDER_LINE (id, order_id, price, quantity, product_id) VALUES (751, 664, 436.1895740280296, 1, 60);
INSERT INTO ORDERS (id, user_id, created_at) VALUES (665, '969775e5-95df-4b68-8e41-56bb781276c6', '2022-11-23');
INSERT INTO ORDER_LINE (id, order_id, price, quantity, product_id) VALUES (752, 665, 699.1070770674154, 1, 58);
INSERT INTO ORDER_LINE (id, order_id, price, quantity, product_id) VALUES (753, 665, 430.20541160652874, 1, 62);
INSERT INTO ORDERS (id, user_id, created_at) VALUES (666, '24e137ba-d5b5-4ca7-aad1-5359463e0a53', '2020-10-31');
INSERT INTO ORDER_LINE (id, order_id, price, quantity, product_id) VALUES (754, 666, 759.0896015802431, 1, 69);
INSERT INTO ORDERS (id, user_id, created_at) VALUES (667, 'c07ed80f-8658-40af-b5d1-bcda05f8e115', '2022-03-25');
INSERT INTO ORDER_LINE (id, order_id, price, quantity, product_id) VALUES (755, 667, 727.665777554403, 1, 57);
INSERT INTO ORDERS (id, user_id, created_at) VALUES (668, '6e21105f-3d24-4ca1-9fc0-b4e688992557', '2022-09-07');
INSERT INTO ORDER_LINE (id, order_id, price, quantity, product_id) VALUES (756, 668, 603.4696628311227, 1, 63);
INSERT INTO ORDERS (id, user_id, created_at) VALUES (669, '969775e5-95df-4b68-8e41-56bb781276c6', '2020-06-13');
INSERT INTO ORDER_LINE (id, order_id, price, quantity, product_id) VALUES (757, 669, 863.8433358876179, 1, 55);
INSERT INTO ORDERS (id, user_id, created_at) VALUES (670, '6e21105f-3d24-4ca1-9fc0-b4e688992557', '2020-06-03');
INSERT INTO ORDER_LINE (id, order_id, price, quantity, product_id) VALUES (758, 670, 544.4570891711975, 1, 65);
INSERT INTO ORDER_LINE (id, order_id, price, quantity, product_id) VALUES (759, 670, 739.8926757033289, 1, 69);
INSERT INTO ORDERS (id, user_id, created_at) VALUES (671, '24e137ba-d5b5-4ca7-aad1-5359463e0a53', '2022-12-27');
INSERT INTO ORDER_LINE (id, order_id, price, quantity, product_id) VALUES (760, 671, 663.081172684968, 1, 53);
INSERT INTO ORDER_LINE (id, order_id, price, quantity, product_id) VALUES (761, 671, 609.045684952041, 1, 61);
INSERT INTO ORDERS (id, user_id, created_at) VALUES (672, '3ccff81d-9f57-44b4-b414-5dc8bed05a28', '2022-02-17');
INSERT INTO ORDER_LINE (id, order_id, price, quantity, product_id) VALUES (762, 672, 861.8622776994217, 1, 70);
INSERT INTO ORDERS (id, user_id, created_at) VALUES (673, '98e2386a-5510-456c-88ea-60854a590b17', '2020-10-17');
INSERT INTO ORDER_LINE (id, order_id, price, quantity, product_id) VALUES (763, 673, 271.161212448436, 1, 59);
INSERT INTO ORDER_LINE (id, order_id, price, quantity, product_id) VALUES (764, 673, 590.3874199473382, 1, 51);
INSERT INTO ORDERS (id, user_id, created_at) VALUES (674, '471620c4-d859-49cd-b17b-5a27250d44a8', '2022-06-09');
INSERT INTO ORDER_LINE (id, order_id, price, quantity, product_id) VALUES (765, 674, 133.0448272077894, 1, 69);
INSERT INTO ORDERS (id, user_id, created_at) VALUES (675, 'd7558967-c177-40f1-8360-25c7806329df', '2021-11-22');
INSERT INTO ORDER_LINE (id, order_id, price, quantity, product_id) VALUES (766, 675, 419.9245487172009, 1, 56);
INSERT INTO ORDER_LINE (id, order_id, price, quantity, product_id) VALUES (767, 675, 892.7558261768957, 1, 57);
INSERT INTO ORDERS (id, user_id, created_at) VALUES (676, '3ccff81d-9f57-44b4-b414-5dc8bed05a28', '2020-10-13');
INSERT INTO ORDER_LINE (id, order_id, price, quantity, product_id) VALUES (768, 676, 316.51120699234355, 1, 69);
INSERT INTO ORDERS (id, user_id, created_at) VALUES (677, '24e137ba-d5b5-4ca7-aad1-5359463e0a53', '2021-05-08');
INSERT INTO ORDER_LINE (id, order_id, price, quantity, product_id) VALUES (769, 677, 181.24267766482768, 1, 58);
INSERT INTO ORDER_LINE (id, order_id, price, quantity, product_id) VALUES (770, 677, 801.3742152596946, 1, 67);
INSERT INTO ORDERS (id, user_id, created_at) VALUES (678, 'ac0cf5a2-e5cf-49a7-855f-3bd2c0a79550', '2020-09-26');
INSERT INTO ORDER_LINE (id, order_id, price, quantity, product_id) VALUES (771, 678, 895.6224350767296, 1, 61);
INSERT INTO ORDERS (id, user_id, created_at) VALUES (679, '98e2386a-5510-456c-88ea-60854a590b17', '2020-08-20');
INSERT INTO ORDER_LINE (id, order_id, price, quantity, product_id) VALUES (772, 679, 187.4262914443504, 1, 60);
INSERT INTO ORDER_LINE (id, order_id, price, quantity, product_id) VALUES (773, 679, 727.5003318295411, 1, 56);
INSERT INTO ORDERS (id, user_id, created_at) VALUES (680, 'ffd5500e-1231-48e2-8384-3dc15fc7ed90', '2021-03-06');
INSERT INTO ORDER_LINE (id, order_id, price, quantity, product_id) VALUES (774, 680, 563.4664361030755, 1, 62);
INSERT INTO ORDER_LINE (id, order_id, price, quantity, product_id) VALUES (775, 680, 441.30202331528193, 1, 51);
INSERT INTO ORDERS (id, user_id, created_at) VALUES (681, '6e21105f-3d24-4ca1-9fc0-b4e688992557', '2021-03-16');
INSERT INTO ORDER_LINE (id, order_id, price, quantity, product_id) VALUES (776, 681, 127.85452275445657, 1, 65);
INSERT INTO ORDER_LINE (id, order_id, price, quantity, product_id) VALUES (777, 681, 185.08715450790447, 1, 62);
INSERT INTO ORDERS (id, user_id, created_at) VALUES (682, '3ccff81d-9f57-44b4-b414-5dc8bed05a28', '2022-10-14');
INSERT INTO ORDER_LINE (id, order_id, price, quantity, product_id) VALUES (778, 682, 455.97214153007684, 1, 67);
INSERT INTO ORDER_LINE (id, order_id, price, quantity, product_id) VALUES (779, 682, 407.7802759691745, 1, 51);
INSERT INTO ORDERS (id, user_id, created_at) VALUES (683, 'ffd5500e-1231-48e2-8384-3dc15fc7ed90', '2021-12-06');
INSERT INTO ORDER_LINE (id, order_id, price, quantity, product_id) VALUES (780, 683, 470.48307018623365, 1, 54);
INSERT INTO ORDERS (id, user_id, created_at) VALUES (684, 'ffd5500e-1231-48e2-8384-3dc15fc7ed90', '2021-04-04');
INSERT INTO ORDER_LINE (id, order_id, price, quantity, product_id) VALUES (781, 684, 189.88901807503595, 1, 51);
INSERT INTO ORDER_LINE (id, order_id, price, quantity, product_id) VALUES (782, 684, 312.49166811494086, 1, 65);
INSERT INTO ORDERS (id, user_id, created_at) VALUES (685, '471620c4-d859-49cd-b17b-5a27250d44a8', '2022-07-06');
INSERT INTO ORDER_LINE (id, order_id, price, quantity, product_id) VALUES (783, 685, 417.04665299893395, 1, 55);
INSERT INTO ORDERS (id, user_id, created_at) VALUES (686, '98e2386a-5510-456c-88ea-60854a590b17', '2021-09-07');
INSERT INTO ORDER_LINE (id, order_id, price, quantity, product_id) VALUES (784, 686, 357.3332713176558, 1, 68);
INSERT INTO ORDERS (id, user_id, created_at) VALUES (687, 'ffd5500e-1231-48e2-8384-3dc15fc7ed90', '2020-06-13');
INSERT INTO ORDER_LINE (id, order_id, price, quantity, product_id) VALUES (785, 687, 548.843669966459, 1, 59);
INSERT INTO ORDERS (id, user_id, created_at) VALUES (688, 'ac0cf5a2-e5cf-49a7-855f-3bd2c0a79550', '2021-12-01');
INSERT INTO ORDER_LINE (id, order_id, price, quantity, product_id) VALUES (786, 688, 323.53529865362214, 1, 51);
INSERT INTO ORDER_LINE (id, order_id, price, quantity, product_id) VALUES (787, 688, 611.8006552176012, 1, 69);
INSERT INTO ORDERS (id, user_id, created_at) VALUES (689, 'ffd5500e-1231-48e2-8384-3dc15fc7ed90', '2021-03-05');
INSERT INTO ORDER_LINE (id, order_id, price, quantity, product_id) VALUES (788, 689, 264.3294937663221, 1, 51);
INSERT INTO ORDER_LINE (id, order_id, price, quantity, product_id) VALUES (789, 689, 371.21707577925116, 1, 69);
INSERT INTO ORDERS (id, user_id, created_at) VALUES (690, 'c07ed80f-8658-40af-b5d1-bcda05f8e115', '2020-04-18');
INSERT INTO ORDER_LINE (id, order_id, price, quantity, product_id) VALUES (790, 690, 495.05441868339244, 1, 52);
INSERT INTO ORDER_LINE (id, order_id, price, quantity, product_id) VALUES (791, 690, 706.6832152912623, 1, 63);
INSERT INTO ORDERS (id, user_id, created_at) VALUES (691, '98e2386a-5510-456c-88ea-60854a590b17', '2022-09-04');
INSERT INTO ORDER_LINE (id, order_id, price, quantity, product_id) VALUES (792, 691, 628.5778846779986, 1, 53);
INSERT INTO ORDERS (id, user_id, created_at) VALUES (692, '98e2386a-5510-456c-88ea-60854a590b17', '2020-09-18');
INSERT INTO ORDER_LINE (id, order_id, price, quantity, product_id) VALUES (793, 692, 703.960933031778, 1, 67);
INSERT INTO ORDERS (id, user_id, created_at) VALUES (693, '969775e5-95df-4b68-8e41-56bb781276c6', '2021-06-19');
INSERT INTO ORDER_LINE (id, order_id, price, quantity, product_id) VALUES (794, 693, 403.36721072791084, 1, 60);
INSERT INTO ORDER_LINE (id, order_id, price, quantity, product_id) VALUES (795, 693, 390.13087159253155, 1, 52);
INSERT INTO ORDERS (id, user_id, created_at) VALUES (694, '969775e5-95df-4b68-8e41-56bb781276c6', '2020-01-26');
INSERT INTO ORDER_LINE (id, order_id, price, quantity, product_id) VALUES (796, 694, 312.3609476675753, 1, 53);
INSERT INTO ORDER_LINE (id, order_id, price, quantity, product_id) VALUES (797, 694, 587.1542784245967, 1, 52);
INSERT INTO ORDERS (id, user_id, created_at) VALUES (695, '471620c4-d859-49cd-b17b-5a27250d44a8', '2021-05-03');
INSERT INTO ORDER_LINE (id, order_id, price, quantity, product_id) VALUES (798, 695, 803.191024104138, 1, 50);
INSERT INTO ORDERS (id, user_id, created_at) VALUES (696, '471620c4-d859-49cd-b17b-5a27250d44a8', '2020-10-07');
INSERT INTO ORDER_LINE (id, order_id, price, quantity, product_id) VALUES (799, 696, 417.2830679281723, 1, 56);
INSERT INTO ORDER_LINE (id, order_id, price, quantity, product_id) VALUES (800, 696, 552.5720747095795, 1, 64);
INSERT INTO ORDERS (id, user_id, created_at) VALUES (697, '969775e5-95df-4b68-8e41-56bb781276c6', '2021-09-27');
INSERT INTO ORDER_LINE (id, order_id, price, quantity, product_id) VALUES (801, 697, 294.7236193190671, 1, 58);
INSERT INTO ORDERS (id, user_id, created_at) VALUES (698, '98e2386a-5510-456c-88ea-60854a590b17', '2021-04-21');
INSERT INTO ORDER_LINE (id, order_id, price, quantity, product_id) VALUES (802, 698, 118.74575295454034, 1, 54);
INSERT INTO ORDERS (id, user_id, created_at) VALUES (699, 'ffd5500e-1231-48e2-8384-3dc15fc7ed90', '2020-02-01');
INSERT INTO ORDER_LINE (id, order_id, price, quantity, product_id) VALUES (803, 699, 239.93996654488905, 1, 53);
INSERT INTO ORDERS (id, user_id, created_at) VALUES (700, '98e2386a-5510-456c-88ea-60854a590b17', '2020-09-06');
INSERT INTO ORDER_LINE (id, order_id, price, quantity, product_id) VALUES (804, 700, 551.6054360062676, 1, 65);
INSERT INTO ORDER_LINE (id, order_id, price, quantity, product_id) VALUES (805, 700, 474.4291721300025, 1, 59);
INSERT INTO ORDERS (id, user_id, created_at) VALUES (701, 'ac0cf5a2-e5cf-49a7-855f-3bd2c0a79550', '2020-01-25');
INSERT INTO ORDER_LINE (id, order_id, price, quantity, product_id) VALUES (806, 701, 309.01624100491404, 1, 62);
INSERT INTO ORDER_LINE (id, order_id, price, quantity, product_id) VALUES (807, 701, 150.53045179744666, 1, 52);
INSERT INTO ORDERS (id, user_id, created_at) VALUES (702, 'c07ed80f-8658-40af-b5d1-bcda05f8e115', '2022-11-20');
INSERT INTO ORDER_LINE (id, order_id, price, quantity, product_id) VALUES (808, 702, 100.71407391263563, 1, 51);
INSERT INTO ORDERS (id, user_id, created_at) VALUES (703, '98e2386a-5510-456c-88ea-60854a590b17', '2022-08-09');
INSERT INTO ORDER_LINE (id, order_id, price, quantity, product_id) VALUES (809, 703, 337.3150656709882, 1, 56);
INSERT INTO ORDERS (id, user_id, created_at) VALUES (704, '24e137ba-d5b5-4ca7-aad1-5359463e0a53', '2022-01-29');
INSERT INTO ORDER_LINE (id, order_id, price, quantity, product_id) VALUES (810, 704, 173.86427843248634, 1, 67);
INSERT INTO ORDER_LINE (id, order_id, price, quantity, product_id) VALUES (811, 704, 156.6262336079592, 1, 63);
INSERT INTO ORDERS (id, user_id, created_at) VALUES (705, '3ccff81d-9f57-44b4-b414-5dc8bed05a28', '2020-10-21');
INSERT INTO ORDER_LINE (id, order_id, price, quantity, product_id) VALUES (812, 705, 174.58644676460997, 1, 61);
INSERT INTO ORDERS (id, user_id, created_at) VALUES (706, 'c07ed80f-8658-40af-b5d1-bcda05f8e115', '2020-04-08');
INSERT INTO ORDER_LINE (id, order_id, price, quantity, product_id) VALUES (813, 706, 261.98227621875037, 1, 60);
INSERT INTO ORDERS (id, user_id, created_at) VALUES (707, '3ccff81d-9f57-44b4-b414-5dc8bed05a28', '2022-04-16');
INSERT INTO ORDER_LINE (id, order_id, price, quantity, product_id) VALUES (814, 707, 585.8941052097243, 1, 67);
INSERT INTO ORDER_LINE (id, order_id, price, quantity, product_id) VALUES (815, 707, 259.426672724594, 1, 53);
INSERT INTO ORDERS (id, user_id, created_at) VALUES (708, '969775e5-95df-4b68-8e41-56bb781276c6', '2022-12-01');
INSERT INTO ORDER_LINE (id, order_id, price, quantity, product_id) VALUES (816, 708, 792.8074924393449, 1, 53);
INSERT INTO ORDER_LINE (id, order_id, price, quantity, product_id) VALUES (817, 708, 508.87978880155026, 1, 67);
INSERT INTO ORDERS (id, user_id, created_at) VALUES (709, '471620c4-d859-49cd-b17b-5a27250d44a8', '2021-03-30');
INSERT INTO ORDER_LINE (id, order_id, price, quantity, product_id) VALUES (818, 709, 624.3618794610303, 1, 70);
INSERT INTO ORDERS (id, user_id, created_at) VALUES (710, '3ccff81d-9f57-44b4-b414-5dc8bed05a28', '2021-12-07');
INSERT INTO ORDER_LINE (id, order_id, price, quantity, product_id) VALUES (819, 710, 895.6233266841177, 1, 65);
INSERT INTO ORDER_LINE (id, order_id, price, quantity, product_id) VALUES (820, 710, 384.4783785477638, 1, 58);
INSERT INTO ORDERS (id, user_id, created_at) VALUES (711, '6e21105f-3d24-4ca1-9fc0-b4e688992557', '2021-02-19');
INSERT INTO ORDER_LINE (id, order_id, price, quantity, product_id) VALUES (821, 711, 195.41702970491696, 1, 51);
INSERT INTO ORDERS (id, user_id, created_at) VALUES (712, '24e137ba-d5b5-4ca7-aad1-5359463e0a53', '2022-10-04');
INSERT INTO ORDER_LINE (id, order_id, price, quantity, product_id) VALUES (822, 712, 238.13070159314736, 1, 63);
INSERT INTO ORDER_LINE (id, order_id, price, quantity, product_id) VALUES (823, 712, 146.2215030144729, 1, 69);
INSERT INTO ORDERS (id, user_id, created_at) VALUES (713, 'ffd5500e-1231-48e2-8384-3dc15fc7ed90', '2021-03-18');
INSERT INTO ORDER_LINE (id, order_id, price, quantity, product_id) VALUES (824, 713, 787.019288577206, 1, 68);
INSERT INTO ORDERS (id, user_id, created_at) VALUES (714, 'd7558967-c177-40f1-8360-25c7806329df', '2020-08-16');
INSERT INTO ORDER_LINE (id, order_id, price, quantity, product_id) VALUES (825, 714, 215.0315947658071, 1, 54);
INSERT INTO ORDERS (id, user_id, created_at) VALUES (715, '471620c4-d859-49cd-b17b-5a27250d44a8', '2021-12-20');
INSERT INTO ORDER_LINE (id, order_id, price, quantity, product_id) VALUES (826, 715, 717.1544536903324, 1, 56);
INSERT INTO ORDER_LINE (id, order_id, price, quantity, product_id) VALUES (827, 715, 462.79652556619686, 1, 67);
INSERT INTO ORDERS (id, user_id, created_at) VALUES (716, '3ccff81d-9f57-44b4-b414-5dc8bed05a28', '2020-04-13');
INSERT INTO ORDER_LINE (id, order_id, price, quantity, product_id) VALUES (828, 716, 420.7256172822547, 1, 60);
INSERT INTO ORDERS (id, user_id, created_at) VALUES (717, 'ffd5500e-1231-48e2-8384-3dc15fc7ed90', '2022-01-27');
INSERT INTO ORDER_LINE (id, order_id, price, quantity, product_id) VALUES (829, 717, 373.920345843187, 1, 54);
INSERT INTO ORDERS (id, user_id, created_at) VALUES (718, '6e21105f-3d24-4ca1-9fc0-b4e688992557', '2021-01-31');
INSERT INTO ORDER_LINE (id, order_id, price, quantity, product_id) VALUES (830, 718, 646.5468134548355, 1, 61);
INSERT INTO ORDER_LINE (id, order_id, price, quantity, product_id) VALUES (831, 718, 519.680427983511, 1, 52);
INSERT INTO ORDERS (id, user_id, created_at) VALUES (719, '98e2386a-5510-456c-88ea-60854a590b17', '2020-09-22');
INSERT INTO ORDER_LINE (id, order_id, price, quantity, product_id) VALUES (832, 719, 582.868665647117, 1, 65);
INSERT INTO ORDER_LINE (id, order_id, price, quantity, product_id) VALUES (833, 719, 601.5080723463353, 1, 64);
INSERT INTO ORDERS (id, user_id, created_at) VALUES (720, 'ac0cf5a2-e5cf-49a7-855f-3bd2c0a79550', '2022-02-19');
INSERT INTO ORDER_LINE (id, order_id, price, quantity, product_id) VALUES (834, 720, 389.1261374933682, 1, 60);
INSERT INTO ORDERS (id, user_id, created_at) VALUES (721, 'ffd5500e-1231-48e2-8384-3dc15fc7ed90', '2021-01-20');
INSERT INTO ORDER_LINE (id, order_id, price, quantity, product_id) VALUES (835, 721, 200.62024631016948, 1, 50);
INSERT INTO ORDERS (id, user_id, created_at) VALUES (722, '3ccff81d-9f57-44b4-b414-5dc8bed05a28', '2020-01-31');
INSERT INTO ORDER_LINE (id, order_id, price, quantity, product_id) VALUES (836, 722, 141.41150091918257, 1, 61);
INSERT INTO ORDER_LINE (id, order_id, price, quantity, product_id) VALUES (837, 722, 462.07720427565937, 1, 54);
INSERT INTO ORDERS (id, user_id, created_at) VALUES (723, '3ccff81d-9f57-44b4-b414-5dc8bed05a28', '2021-04-13');
INSERT INTO ORDER_LINE (id, order_id, price, quantity, product_id) VALUES (838, 723, 817.2406915482422, 1, 57);
INSERT INTO ORDER_LINE (id, order_id, price, quantity, product_id) VALUES (839, 723, 445.67006513576814, 1, 56);
INSERT INTO ORDERS (id, user_id, created_at) VALUES (724, '6e21105f-3d24-4ca1-9fc0-b4e688992557', '2022-03-20');
INSERT INTO ORDER_LINE (id, order_id, price, quantity, product_id) VALUES (840, 724, 436.32331178654493, 1, 62);
INSERT INTO ORDERS (id, user_id, created_at) VALUES (725, '969775e5-95df-4b68-8e41-56bb781276c6', '2021-03-13');
INSERT INTO ORDER_LINE (id, order_id, price, quantity, product_id) VALUES (841, 725, 551.0241878112104, 1, 60);
INSERT INTO ORDERS (id, user_id, created_at) VALUES (726, '471620c4-d859-49cd-b17b-5a27250d44a8', '2022-12-06');
INSERT INTO ORDER_LINE (id, order_id, price, quantity, product_id) VALUES (842, 726, 474.6012472576644, 1, 57);
INSERT INTO ORDERS (id, user_id, created_at) VALUES (727, '471620c4-d859-49cd-b17b-5a27250d44a8', '2021-11-14');
INSERT INTO ORDER_LINE (id, order_id, price, quantity, product_id) VALUES (843, 727, 483.6690336248411, 1, 70);
INSERT INTO ORDER_LINE (id, order_id, price, quantity, product_id) VALUES (844, 727, 542.0351691884332, 1, 63);
INSERT INTO ORDERS (id, user_id, created_at) VALUES (728, '24e137ba-d5b5-4ca7-aad1-5359463e0a53', '2022-02-07');
INSERT INTO ORDER_LINE (id, order_id, price, quantity, product_id) VALUES (845, 728, 424.2720554173088, 1, 50);
INSERT INTO ORDER_LINE (id, order_id, price, quantity, product_id) VALUES (846, 728, 536.7432415503904, 1, 54);
INSERT INTO ORDERS (id, user_id, created_at) VALUES (729, 'c07ed80f-8658-40af-b5d1-bcda05f8e115', '2023-01-19');
INSERT INTO ORDER_LINE (id, order_id, price, quantity, product_id) VALUES (847, 729, 700.6085334313983, 1, 67);
INSERT INTO ORDER_LINE (id, order_id, price, quantity, product_id) VALUES (848, 729, 340.4203873421646, 1, 50);
INSERT INTO ORDERS (id, user_id, created_at) VALUES (730, '471620c4-d859-49cd-b17b-5a27250d44a8', '2021-01-16');
INSERT INTO ORDER_LINE (id, order_id, price, quantity, product_id) VALUES (849, 730, 195.10929066709312, 1, 66);
INSERT INTO ORDER_LINE (id, order_id, price, quantity, product_id) VALUES (850, 730, 461.1853081114524, 1, 58);
INSERT INTO ORDERS (id, user_id, created_at) VALUES (731, '969775e5-95df-4b68-8e41-56bb781276c6', '2022-10-01');
INSERT INTO ORDER_LINE (id, order_id, price, quantity, product_id) VALUES (851, 731, 323.65441706254865, 1, 52);
INSERT INTO ORDER_LINE (id, order_id, price, quantity, product_id) VALUES (852, 731, 142.54107143791916, 1, 61);
INSERT INTO ORDERS (id, user_id, created_at) VALUES (732, 'ffd5500e-1231-48e2-8384-3dc15fc7ed90', '2022-12-07');
INSERT INTO ORDER_LINE (id, order_id, price, quantity, product_id) VALUES (853, 732, 193.64604247356496, 1, 64);
INSERT INTO ORDER_LINE (id, order_id, price, quantity, product_id) VALUES (854, 732, 647.0565761644248, 1, 52);
INSERT INTO ORDERS (id, user_id, created_at) VALUES (733, 'd7558967-c177-40f1-8360-25c7806329df', '2022-08-20');
INSERT INTO ORDER_LINE (id, order_id, price, quantity, product_id) VALUES (855, 733, 752.1948682502907, 1, 58);
INSERT INTO ORDER_LINE (id, order_id, price, quantity, product_id) VALUES (856, 733, 793.1299652159086, 1, 59);
INSERT INTO ORDERS (id, user_id, created_at) VALUES (734, 'c07ed80f-8658-40af-b5d1-bcda05f8e115', '2021-06-26');
INSERT INTO ORDER_LINE (id, order_id, price, quantity, product_id) VALUES (857, 734, 483.2090752702205, 1, 66);
INSERT INTO ORDER_LINE (id, order_id, price, quantity, product_id) VALUES (858, 734, 774.1208963240373, 1, 61);
INSERT INTO ORDERS (id, user_id, created_at) VALUES (735, '969775e5-95df-4b68-8e41-56bb781276c6', '2022-08-04');
INSERT INTO ORDER_LINE (id, order_id, price, quantity, product_id) VALUES (859, 735, 618.2132399484246, 1, 62);
INSERT INTO ORDERS (id, user_id, created_at) VALUES (736, '471620c4-d859-49cd-b17b-5a27250d44a8', '2020-02-12');
INSERT INTO ORDER_LINE (id, order_id, price, quantity, product_id) VALUES (860, 736, 746.5546551908092, 1, 63);
INSERT INTO ORDERS (id, user_id, created_at) VALUES (737, 'd7558967-c177-40f1-8360-25c7806329df', '2021-03-17');
INSERT INTO ORDER_LINE (id, order_id, price, quantity, product_id) VALUES (861, 737, 578.5494827022817, 1, 55);
INSERT INTO ORDERS (id, user_id, created_at) VALUES (738, '24e137ba-d5b5-4ca7-aad1-5359463e0a53', '2020-06-29');
INSERT INTO ORDER_LINE (id, order_id, price, quantity, product_id) VALUES (862, 738, 664.4363619842525, 1, 63);
INSERT INTO ORDERS (id, user_id, created_at) VALUES (739, 'c07ed80f-8658-40af-b5d1-bcda05f8e115', '2021-10-02');
INSERT INTO ORDER_LINE (id, order_id, price, quantity, product_id) VALUES (863, 739, 177.56193019764055, 1, 65);
INSERT INTO ORDER_LINE (id, order_id, price, quantity, product_id) VALUES (864, 739, 745.7265362134483, 1, 56);
INSERT INTO ORDERS (id, user_id, created_at) VALUES (740, 'ffd5500e-1231-48e2-8384-3dc15fc7ed90', '2021-07-03');
INSERT INTO ORDER_LINE (id, order_id, price, quantity, product_id) VALUES (865, 740, 187.01245463518043, 1, 57);
INSERT INTO ORDER_LINE (id, order_id, price, quantity, product_id) VALUES (866, 740, 402.70630830070917, 1, 60);
INSERT INTO ORDERS (id, user_id, created_at) VALUES (741, 'd7558967-c177-40f1-8360-25c7806329df', '2022-02-11');
INSERT INTO ORDER_LINE (id, order_id, price, quantity, product_id) VALUES (867, 741, 695.1753703586899, 1, 56);
INSERT INTO ORDERS (id, user_id, created_at) VALUES (742, 'c07ed80f-8658-40af-b5d1-bcda05f8e115', '2020-09-26');
INSERT INTO ORDER_LINE (id, order_id, price, quantity, product_id) VALUES (868, 742, 600.0764251602986, 1, 53);
INSERT INTO ORDER_LINE (id, order_id, price, quantity, product_id) VALUES (869, 742, 548.5690743888163, 1, 57);
INSERT INTO ORDERS (id, user_id, created_at) VALUES (743, 'ffd5500e-1231-48e2-8384-3dc15fc7ed90', '2021-10-02');
INSERT INTO ORDER_LINE (id, order_id, price, quantity, product_id) VALUES (870, 743, 491.7581143687421, 1, 67);
INSERT INTO ORDER_LINE (id, order_id, price, quantity, product_id) VALUES (871, 743, 217.6480410121349, 1, 69);
INSERT INTO ORDERS (id, user_id, created_at) VALUES (744, '471620c4-d859-49cd-b17b-5a27250d44a8', '2022-08-12');
INSERT INTO ORDER_LINE (id, order_id, price, quantity, product_id) VALUES (872, 744, 448.3535413621021, 1, 61);
INSERT INTO ORDERS (id, user_id, created_at) VALUES (745, '471620c4-d859-49cd-b17b-5a27250d44a8', '2020-11-06');
INSERT INTO ORDER_LINE (id, order_id, price, quantity, product_id) VALUES (873, 745, 307.29384555093685, 1, 61);
INSERT INTO ORDER_LINE (id, order_id, price, quantity, product_id) VALUES (874, 745, 523.3106426621725, 1, 54);
INSERT INTO ORDERS (id, user_id, created_at) VALUES (746, 'd7558967-c177-40f1-8360-25c7806329df', '2022-07-14');
INSERT INTO ORDER_LINE (id, order_id, price, quantity, product_id) VALUES (875, 746, 411.02023272088235, 1, 53);
INSERT INTO ORDERS (id, user_id, created_at) VALUES (747, 'c07ed80f-8658-40af-b5d1-bcda05f8e115', '2021-08-04');
INSERT INTO ORDER_LINE (id, order_id, price, quantity, product_id) VALUES (876, 747, 315.5490081178724, 1, 64);
INSERT INTO ORDERS (id, user_id, created_at) VALUES (748, 'd7558967-c177-40f1-8360-25c7806329df', '2020-06-26');
INSERT INTO ORDER_LINE (id, order_id, price, quantity, product_id) VALUES (877, 748, 409.2197728840571, 1, 67);
INSERT INTO ORDERS (id, user_id, created_at) VALUES (749, '98e2386a-5510-456c-88ea-60854a590b17', '2021-02-15');
INSERT INTO ORDER_LINE (id, order_id, price, quantity, product_id) VALUES (878, 749, 849.7558004971928, 1, 67);
INSERT INTO ORDER_LINE (id, order_id, price, quantity, product_id) VALUES (879, 749, 714.5553929688157, 1, 53);
INSERT INTO ORDERS (id, user_id, created_at) VALUES (750, '6e21105f-3d24-4ca1-9fc0-b4e688992557', '2020-03-19');
INSERT INTO ORDER_LINE (id, order_id, price, quantity, product_id) VALUES (880, 750, 576.3005833855184, 1, 60);
INSERT INTO ORDER_LINE (id, order_id, price, quantity, product_id) VALUES (881, 750, 184.63112626935416, 1, 52);
INSERT INTO ORDERS (id, user_id, created_at) VALUES (751, 'd7558967-c177-40f1-8360-25c7806329df', '2020-12-02');
INSERT INTO ORDER_LINE (id, order_id, price, quantity, product_id) VALUES (882, 751, 475.4026962012443, 1, 53);
INSERT INTO ORDER_LINE (id, order_id, price, quantity, product_id) VALUES (883, 751, 206.13160199270996, 1, 56);
INSERT INTO ORDERS (id, user_id, created_at) VALUES (752, '969775e5-95df-4b68-8e41-56bb781276c6', '2022-02-17');
INSERT INTO ORDER_LINE (id, order_id, price, quantity, product_id) VALUES (884, 752, 778.2382359586323, 1, 66);
INSERT INTO ORDER_LINE (id, order_id, price, quantity, product_id) VALUES (885, 752, 289.81174367180324, 1, 55);
INSERT INTO ORDERS (id, user_id, created_at) VALUES (753, 'ffd5500e-1231-48e2-8384-3dc15fc7ed90', '2020-02-23');
INSERT INTO ORDER_LINE (id, order_id, price, quantity, product_id) VALUES (886, 753, 697.4138104212603, 1, 68);
INSERT INTO ORDER_LINE (id, order_id, price, quantity, product_id) VALUES (887, 753, 618.1225812936212, 1, 51);
INSERT INTO ORDERS (id, user_id, created_at) VALUES (754, 'ffd5500e-1231-48e2-8384-3dc15fc7ed90', '2021-11-15');
INSERT INTO ORDER_LINE (id, order_id, price, quantity, product_id) VALUES (888, 754, 220.9671093370065, 1, 51);
INSERT INTO ORDER_LINE (id, order_id, price, quantity, product_id) VALUES (889, 754, 388.9387774438944, 1, 50);
INSERT INTO ORDERS (id, user_id, created_at) VALUES (755, '98e2386a-5510-456c-88ea-60854a590b17', '2020-03-03');
INSERT INTO ORDER_LINE (id, order_id, price, quantity, product_id) VALUES (890, 755, 651.3152923495619, 1, 59);
INSERT INTO ORDERS (id, user_id, created_at) VALUES (756, '98e2386a-5510-456c-88ea-60854a590b17', '2021-03-21');
INSERT INTO ORDER_LINE (id, order_id, price, quantity, product_id) VALUES (891, 756, 784.0307792407066, 1, 52);
INSERT INTO ORDERS (id, user_id, created_at) VALUES (757, '6e21105f-3d24-4ca1-9fc0-b4e688992557', '2021-11-15');
INSERT INTO ORDER_LINE (id, order_id, price, quantity, product_id) VALUES (892, 757, 357.4102778984833, 1, 58);
INSERT INTO ORDERS (id, user_id, created_at) VALUES (758, 'ac0cf5a2-e5cf-49a7-855f-3bd2c0a79550', '2020-03-14');
INSERT INTO ORDER_LINE (id, order_id, price, quantity, product_id) VALUES (893, 758, 586.897133082759, 1, 68);
INSERT INTO ORDERS (id, user_id, created_at) VALUES (759, '98e2386a-5510-456c-88ea-60854a590b17', '2021-05-18');
INSERT INTO ORDER_LINE (id, order_id, price, quantity, product_id) VALUES (894, 759, 648.1472135559018, 1, 59);
INSERT INTO ORDER_LINE (id, order_id, price, quantity, product_id) VALUES (895, 759, 353.2653377981468, 1, 56);
INSERT INTO ORDERS (id, user_id, created_at) VALUES (760, 'ac0cf5a2-e5cf-49a7-855f-3bd2c0a79550', '2022-03-22');
INSERT INTO ORDER_LINE (id, order_id, price, quantity, product_id) VALUES (896, 760, 145.1146806507187, 1, 58);
INSERT INTO ORDER_LINE (id, order_id, price, quantity, product_id) VALUES (897, 760, 389.3703996554226, 1, 66);
INSERT INTO ORDERS (id, user_id, created_at) VALUES (761, '98e2386a-5510-456c-88ea-60854a590b17', '2022-03-29');
INSERT INTO ORDER_LINE (id, order_id, price, quantity, product_id) VALUES (898, 761, 866.7921309730388, 1, 67);
INSERT INTO ORDER_LINE (id, order_id, price, quantity, product_id) VALUES (899, 761, 893.269796419976, 1, 58);
INSERT INTO ORDERS (id, user_id, created_at) VALUES (762, '6e21105f-3d24-4ca1-9fc0-b4e688992557', '2020-03-02');
INSERT INTO ORDER_LINE (id, order_id, price, quantity, product_id) VALUES (900, 762, 845.8534814107926, 1, 53);
INSERT INTO ORDER_LINE (id, order_id, price, quantity, product_id) VALUES (901, 762, 510.5650976703389, 1, 56);
INSERT INTO ORDERS (id, user_id, created_at) VALUES (763, '471620c4-d859-49cd-b17b-5a27250d44a8', '2021-02-14');
INSERT INTO ORDER_LINE (id, order_id, price, quantity, product_id) VALUES (902, 763, 825.2435327067212, 1, 59);
INSERT INTO ORDERS (id, user_id, created_at) VALUES (764, '6e21105f-3d24-4ca1-9fc0-b4e688992557', '2020-03-24');
INSERT INTO ORDER_LINE (id, order_id, price, quantity, product_id) VALUES (903, 764, 550.8938591900898, 1, 59);
INSERT INTO ORDER_LINE (id, order_id, price, quantity, product_id) VALUES (904, 764, 450.12736235853754, 1, 56);
INSERT INTO ORDERS (id, user_id, created_at) VALUES (765, '969775e5-95df-4b68-8e41-56bb781276c6', '2021-05-03');
INSERT INTO ORDER_LINE (id, order_id, price, quantity, product_id) VALUES (905, 765, 155.89967063455524, 1, 56);
INSERT INTO ORDERS (id, user_id, created_at) VALUES (766, 'd7558967-c177-40f1-8360-25c7806329df', '2022-10-23');
INSERT INTO ORDER_LINE (id, order_id, price, quantity, product_id) VALUES (906, 766, 424.5550630340078, 1, 64);
INSERT INTO ORDERS (id, user_id, created_at) VALUES (767, '24e137ba-d5b5-4ca7-aad1-5359463e0a53', '2022-04-18');
INSERT INTO ORDER_LINE (id, order_id, price, quantity, product_id) VALUES (907, 767, 573.921162454848, 1, 54);
INSERT INTO ORDER_LINE (id, order_id, price, quantity, product_id) VALUES (908, 767, 673.9952417565922, 1, 69);
INSERT INTO ORDERS (id, user_id, created_at) VALUES (768, '471620c4-d859-49cd-b17b-5a27250d44a8', '2022-08-18');
INSERT INTO ORDER_LINE (id, order_id, price, quantity, product_id) VALUES (909, 768, 310.7334670064527, 1, 54);
INSERT INTO ORDER_LINE (id, order_id, price, quantity, product_id) VALUES (910, 768, 469.98611627677985, 1, 56);
INSERT INTO ORDERS (id, user_id, created_at) VALUES (769, '24e137ba-d5b5-4ca7-aad1-5359463e0a53', '2020-12-27');
INSERT INTO ORDER_LINE (id, order_id, price, quantity, product_id) VALUES (911, 769, 290.62826797249494, 1, 54);
INSERT INTO ORDERS (id, user_id, created_at) VALUES (770, 'ffd5500e-1231-48e2-8384-3dc15fc7ed90', '2020-08-12');
INSERT INTO ORDER_LINE (id, order_id, price, quantity, product_id) VALUES (912, 770, 315.2711934081667, 1, 63);
INSERT INTO ORDERS (id, user_id, created_at) VALUES (771, '471620c4-d859-49cd-b17b-5a27250d44a8', '2020-12-18');
INSERT INTO ORDER_LINE (id, order_id, price, quantity, product_id) VALUES (913, 771, 807.4396616632068, 1, 53);
INSERT INTO ORDERS (id, user_id, created_at) VALUES (772, 'c07ed80f-8658-40af-b5d1-bcda05f8e115', '2021-07-23');
INSERT INTO ORDER_LINE (id, order_id, price, quantity, product_id) VALUES (914, 772, 858.8899404242932, 1, 68);
INSERT INTO ORDERS (id, user_id, created_at) VALUES (773, 'd7558967-c177-40f1-8360-25c7806329df', '2022-11-27');
INSERT INTO ORDER_LINE (id, order_id, price, quantity, product_id) VALUES (915, 773, 148.2651196849605, 1, 55);
INSERT INTO ORDERS (id, user_id, created_at) VALUES (774, '24e137ba-d5b5-4ca7-aad1-5359463e0a53', '2021-12-26');
INSERT INTO ORDER_LINE (id, order_id, price, quantity, product_id) VALUES (916, 774, 730.6716653006039, 1, 55);
INSERT INTO ORDERS (id, user_id, created_at) VALUES (775, '969775e5-95df-4b68-8e41-56bb781276c6', '2021-02-08');
INSERT INTO ORDER_LINE (id, order_id, price, quantity, product_id) VALUES (917, 775, 713.084409923492, 1, 70);
INSERT INTO ORDER_LINE (id, order_id, price, quantity, product_id) VALUES (918, 775, 492.3638362393925, 1, 56);
INSERT INTO ORDERS (id, user_id, created_at) VALUES (776, '969775e5-95df-4b68-8e41-56bb781276c6', '2020-12-17');
INSERT INTO ORDER_LINE (id, order_id, price, quantity, product_id) VALUES (919, 776, 301.8788660634241, 1, 70);
INSERT INTO ORDER_LINE (id, order_id, price, quantity, product_id) VALUES (920, 776, 337.64722715338786, 1, 66);
INSERT INTO ORDERS (id, user_id, created_at) VALUES (777, 'ffd5500e-1231-48e2-8384-3dc15fc7ed90', '2022-12-12');
INSERT INTO ORDER_LINE (id, order_id, price, quantity, product_id) VALUES (921, 777, 780.8798576229867, 1, 68);
INSERT INTO ORDER_LINE (id, order_id, price, quantity, product_id) VALUES (922, 777, 388.5473958673831, 1, 62);
INSERT INTO ORDERS (id, user_id, created_at) VALUES (778, '98e2386a-5510-456c-88ea-60854a590b17', '2022-11-07');
INSERT INTO ORDER_LINE (id, order_id, price, quantity, product_id) VALUES (923, 778, 858.7113593323976, 1, 58);
INSERT INTO ORDER_LINE (id, order_id, price, quantity, product_id) VALUES (924, 778, 152.25364077492617, 1, 60);
INSERT INTO ORDERS (id, user_id, created_at) VALUES (779, 'd7558967-c177-40f1-8360-25c7806329df', '2020-08-31');
INSERT INTO ORDER_LINE (id, order_id, price, quantity, product_id) VALUES (925, 779, 278.08100560489254, 1, 55);
INSERT INTO ORDERS (id, user_id, created_at) VALUES (780, '98e2386a-5510-456c-88ea-60854a590b17', '2021-04-12');
INSERT INTO ORDER_LINE (id, order_id, price, quantity, product_id) VALUES (926, 780, 111.98089608452726, 1, 63);
INSERT INTO ORDER_LINE (id, order_id, price, quantity, product_id) VALUES (927, 780, 651.1480633587958, 1, 55);
INSERT INTO ORDERS (id, user_id, created_at) VALUES (781, 'ac0cf5a2-e5cf-49a7-855f-3bd2c0a79550', '2020-02-23');
INSERT INTO ORDER_LINE (id, order_id, price, quantity, product_id) VALUES (928, 781, 739.8087072721733, 1, 70);
INSERT INTO ORDERS (id, user_id, created_at) VALUES (782, '969775e5-95df-4b68-8e41-56bb781276c6', '2022-03-28');
INSERT INTO ORDER_LINE (id, order_id, price, quantity, product_id) VALUES (929, 782, 548.0188779876232, 1, 64);
INSERT INTO ORDERS (id, user_id, created_at) VALUES (783, 'ac0cf5a2-e5cf-49a7-855f-3bd2c0a79550', '2022-11-07');
INSERT INTO ORDER_LINE (id, order_id, price, quantity, product_id) VALUES (930, 783, 355.9456090718017, 1, 60);
INSERT INTO ORDER_LINE (id, order_id, price, quantity, product_id) VALUES (931, 783, 405.8531929581799, 1, 70);
INSERT INTO ORDERS (id, user_id, created_at) VALUES (784, '24e137ba-d5b5-4ca7-aad1-5359463e0a53', '2021-07-12');
INSERT INTO ORDER_LINE (id, order_id, price, quantity, product_id) VALUES (932, 784, 612.1966985476655, 1, 54);
INSERT INTO ORDERS (id, user_id, created_at) VALUES (785, '471620c4-d859-49cd-b17b-5a27250d44a8', '2021-07-22');
INSERT INTO ORDER_LINE (id, order_id, price, quantity, product_id) VALUES (933, 785, 127.16682917712757, 1, 64);
INSERT INTO ORDER_LINE (id, order_id, price, quantity, product_id) VALUES (934, 785, 551.796767134518, 1, 67);
INSERT INTO ORDERS (id, user_id, created_at) VALUES (786, '6e21105f-3d24-4ca1-9fc0-b4e688992557', '2021-08-10');
INSERT INTO ORDER_LINE (id, order_id, price, quantity, product_id) VALUES (935, 786, 283.5776092870075, 1, 55);
INSERT INTO ORDERS (id, user_id, created_at) VALUES (787, '3ccff81d-9f57-44b4-b414-5dc8bed05a28', '2023-01-13');
INSERT INTO ORDER_LINE (id, order_id, price, quantity, product_id) VALUES (936, 787, 472.2267559511325, 1, 53);
INSERT INTO ORDER_LINE (id, order_id, price, quantity, product_id) VALUES (937, 787, 360.22293267472554, 1, 69);
INSERT INTO ORDERS (id, user_id, created_at) VALUES (788, 'c07ed80f-8658-40af-b5d1-bcda05f8e115', '2022-07-22');
INSERT INTO ORDER_LINE (id, order_id, price, quantity, product_id) VALUES (938, 788, 342.2313137135906, 1, 56);
INSERT INTO ORDERS (id, user_id, created_at) VALUES (789, 'c07ed80f-8658-40af-b5d1-bcda05f8e115', '2021-12-16');
INSERT INTO ORDER_LINE (id, order_id, price, quantity, product_id) VALUES (939, 789, 283.230824291252, 1, 63);
INSERT INTO ORDERS (id, user_id, created_at) VALUES (790, 'ac0cf5a2-e5cf-49a7-855f-3bd2c0a79550', '2022-05-26');
INSERT INTO ORDER_LINE (id, order_id, price, quantity, product_id) VALUES (940, 790, 280.637663521567, 1, 51);
INSERT INTO ORDER_LINE (id, order_id, price, quantity, product_id) VALUES (941, 790, 464.7088453908798, 1, 52);
INSERT INTO ORDERS (id, user_id, created_at) VALUES (791, '6e21105f-3d24-4ca1-9fc0-b4e688992557', '2022-01-15');
INSERT INTO ORDER_LINE (id, order_id, price, quantity, product_id) VALUES (942, 791, 470.30688222698524, 1, 65);
INSERT INTO ORDERS (id, user_id, created_at) VALUES (792, '6e21105f-3d24-4ca1-9fc0-b4e688992557', '2020-08-03');
INSERT INTO ORDER_LINE (id, order_id, price, quantity, product_id) VALUES (943, 792, 768.3821768221803, 1, 61);
INSERT INTO ORDER_LINE (id, order_id, price, quantity, product_id) VALUES (944, 792, 586.6679547659444, 1, 59);
INSERT INTO ORDERS (id, user_id, created_at) VALUES (793, '24e137ba-d5b5-4ca7-aad1-5359463e0a53', '2022-09-02');
INSERT INTO ORDER_LINE (id, order_id, price, quantity, product_id) VALUES (945, 793, 154.13196916372894, 1, 53);
INSERT INTO ORDERS (id, user_id, created_at) VALUES (794, '3ccff81d-9f57-44b4-b414-5dc8bed05a28', '2022-04-03');
INSERT INTO ORDER_LINE (id, order_id, price, quantity, product_id) VALUES (946, 794, 597.6248304613177, 1, 69);
INSERT INTO ORDER_LINE (id, order_id, price, quantity, product_id) VALUES (947, 794, 857.2441512861809, 1, 58);
INSERT INTO ORDERS (id, user_id, created_at) VALUES (795, 'c07ed80f-8658-40af-b5d1-bcda05f8e115', '2022-12-18');
INSERT INTO ORDER_LINE (id, order_id, price, quantity, product_id) VALUES (948, 795, 456.2189097585873, 1, 61);
INSERT INTO ORDER_LINE (id, order_id, price, quantity, product_id) VALUES (949, 795, 195.5261351992097, 1, 60);
INSERT INTO ORDERS (id, user_id, created_at) VALUES (796, '98e2386a-5510-456c-88ea-60854a590b17', '2021-01-01');
INSERT INTO ORDER_LINE (id, order_id, price, quantity, product_id) VALUES (950, 796, 518.4220236550452, 1, 60);
INSERT INTO ORDER_LINE (id, order_id, price, quantity, product_id) VALUES (951, 796, 450.9975601090061, 1, 66);
INSERT INTO ORDERS (id, user_id, created_at) VALUES (797, '24e137ba-d5b5-4ca7-aad1-5359463e0a53', '2022-05-16');
INSERT INTO ORDER_LINE (id, order_id, price, quantity, product_id) VALUES (952, 797, 229.43441064074125, 1, 58);
INSERT INTO ORDERS (id, user_id, created_at) VALUES (798, 'ffd5500e-1231-48e2-8384-3dc15fc7ed90', '2020-07-15');
INSERT INTO ORDER_LINE (id, order_id, price, quantity, product_id) VALUES (953, 798, 275.1138935870775, 1, 69);
INSERT INTO ORDERS (id, user_id, created_at) VALUES (799, 'ffd5500e-1231-48e2-8384-3dc15fc7ed90', '2020-09-15');
INSERT INTO ORDER_LINE (id, order_id, price, quantity, product_id) VALUES (954, 799, 406.70604773134806, 1, 63);
INSERT INTO ORDER_LINE (id, order_id, price, quantity, product_id) VALUES (955, 799, 750.8052203252199, 1, 58);
INSERT INTO ORDERS (id, user_id, created_at) VALUES (800, '98e2386a-5510-456c-88ea-60854a590b17', '2021-07-07');
INSERT INTO ORDER_LINE (id, order_id, price, quantity, product_id) VALUES (956, 800, 317.75316893783236, 1, 60);
INSERT INTO ORDER_LINE (id, order_id, price, quantity, product_id) VALUES (957, 800, 802.907298164162, 1, 66);
INSERT INTO ORDERS (id, user_id, created_at) VALUES (801, '98e2386a-5510-456c-88ea-60854a590b17', '2020-06-17');
INSERT INTO ORDER_LINE (id, order_id, price, quantity, product_id) VALUES (958, 801, 276.03233348767696, 1, 51);
INSERT INTO ORDERS (id, user_id, created_at) VALUES (802, 'c07ed80f-8658-40af-b5d1-bcda05f8e115', '2021-01-09');
INSERT INTO ORDER_LINE (id, order_id, price, quantity, product_id) VALUES (959, 802, 131.74240522639363, 1, 56);
INSERT INTO ORDER_LINE (id, order_id, price, quantity, product_id) VALUES (960, 802, 894.3669396306808, 1, 56);
INSERT INTO ORDERS (id, user_id, created_at) VALUES (803, '969775e5-95df-4b68-8e41-56bb781276c6', '2021-12-09');
INSERT INTO ORDER_LINE (id, order_id, price, quantity, product_id) VALUES (961, 803, 252.25036436707268, 1, 58);
INSERT INTO ORDERS (id, user_id, created_at) VALUES (804, 'ffd5500e-1231-48e2-8384-3dc15fc7ed90', '2022-04-18');
INSERT INTO ORDER_LINE (id, order_id, price, quantity, product_id) VALUES (962, 804, 105.54749902764841, 1, 60);
INSERT INTO ORDERS (id, user_id, created_at) VALUES (805, 'ac0cf5a2-e5cf-49a7-855f-3bd2c0a79550', '2020-08-01');
INSERT INTO ORDER_LINE (id, order_id, price, quantity, product_id) VALUES (963, 805, 639.6143649673252, 1, 57);
INSERT INTO ORDER_LINE (id, order_id, price, quantity, product_id) VALUES (964, 805, 595.1941296046364, 1, 67);
INSERT INTO ORDERS (id, user_id, created_at) VALUES (806, 'ffd5500e-1231-48e2-8384-3dc15fc7ed90', '2020-05-02');
INSERT INTO ORDER_LINE (id, order_id, price, quantity, product_id) VALUES (965, 806, 505.3089287579282, 1, 65);
INSERT INTO ORDERS (id, user_id, created_at) VALUES (807, '3ccff81d-9f57-44b4-b414-5dc8bed05a28', '2022-09-28');
INSERT INTO ORDER_LINE (id, order_id, price, quantity, product_id) VALUES (966, 807, 707.3243195507027, 1, 53);
INSERT INTO ORDERS (id, user_id, created_at) VALUES (808, 'c07ed80f-8658-40af-b5d1-bcda05f8e115', '2021-11-22');
INSERT INTO ORDER_LINE (id, order_id, price, quantity, product_id) VALUES (967, 808, 849.6298151444922, 1, 62);
INSERT INTO ORDERS (id, user_id, created_at) VALUES (809, 'c07ed80f-8658-40af-b5d1-bcda05f8e115', '2022-01-29');
INSERT INTO ORDER_LINE (id, order_id, price, quantity, product_id) VALUES (968, 809, 545.9071404383109, 1, 64);
INSERT INTO ORDER_LINE (id, order_id, price, quantity, product_id) VALUES (969, 809, 551.7716914502291, 1, 64);
INSERT INTO ORDERS (id, user_id, created_at) VALUES (810, 'ac0cf5a2-e5cf-49a7-855f-3bd2c0a79550', '2021-05-12');
INSERT INTO ORDER_LINE (id, order_id, price, quantity, product_id) VALUES (970, 810, 681.0724282334699, 1, 70);
INSERT INTO ORDER_LINE (id, order_id, price, quantity, product_id) VALUES (971, 810, 337.0576072427426, 1, 59);
INSERT INTO ORDERS (id, user_id, created_at) VALUES (811, '6e21105f-3d24-4ca1-9fc0-b4e688992557', '2022-06-04');
INSERT INTO ORDER_LINE (id, order_id, price, quantity, product_id) VALUES (972, 811, 840.8384951445836, 1, 57);
INSERT INTO ORDER_LINE (id, order_id, price, quantity, product_id) VALUES (973, 811, 794.6511678439479, 1, 56);
INSERT INTO ORDERS (id, user_id, created_at) VALUES (812, '471620c4-d859-49cd-b17b-5a27250d44a8', '2021-12-27');
INSERT INTO ORDER_LINE (id, order_id, price, quantity, product_id) VALUES (974, 812, 845.8157372749218, 1, 52);
INSERT INTO ORDER_LINE (id, order_id, price, quantity, product_id) VALUES (975, 812, 651.7439170710668, 1, 60);
INSERT INTO ORDERS (id, user_id, created_at) VALUES (813, 'ffd5500e-1231-48e2-8384-3dc15fc7ed90', '2020-12-27');
INSERT INTO ORDER_LINE (id, order_id, price, quantity, product_id) VALUES (976, 813, 650.5865536478394, 1, 70);
INSERT INTO ORDERS (id, user_id, created_at) VALUES (814, '471620c4-d859-49cd-b17b-5a27250d44a8', '2020-06-19');
INSERT INTO ORDER_LINE (id, order_id, price, quantity, product_id) VALUES (977, 814, 302.452611095018, 1, 66);
INSERT INTO ORDER_LINE (id, order_id, price, quantity, product_id) VALUES (978, 814, 520.3741543258311, 1, 58);
INSERT INTO ORDERS (id, user_id, created_at) VALUES (815, 'd7558967-c177-40f1-8360-25c7806329df', '2022-12-22');
INSERT INTO ORDER_LINE (id, order_id, price, quantity, product_id) VALUES (979, 815, 879.4990201047096, 1, 64);
INSERT INTO ORDER_LINE (id, order_id, price, quantity, product_id) VALUES (980, 815, 670.1793679755845, 1, 56);
INSERT INTO ORDERS (id, user_id, created_at) VALUES (816, '98e2386a-5510-456c-88ea-60854a590b17', '2020-05-07');
INSERT INTO ORDER_LINE (id, order_id, price, quantity, product_id) VALUES (981, 816, 791.5951161619782, 1, 65);
INSERT INTO ORDER_LINE (id, order_id, price, quantity, product_id) VALUES (982, 816, 131.26706540622132, 1, 58);
INSERT INTO ORDERS (id, user_id, created_at) VALUES (817, 'ffd5500e-1231-48e2-8384-3dc15fc7ed90', '2022-09-12');
INSERT INTO ORDER_LINE (id, order_id, price, quantity, product_id) VALUES (983, 817, 292.9122652786234, 1, 67);
INSERT INTO ORDER_LINE (id, order_id, price, quantity, product_id) VALUES (984, 817, 231.324785008821, 1, 61);
INSERT INTO ORDERS (id, user_id, created_at) VALUES (818, '471620c4-d859-49cd-b17b-5a27250d44a8', '2020-09-12');
INSERT INTO ORDER_LINE (id, order_id, price, quantity, product_id) VALUES (985, 818, 380.98711525022895, 1, 70);
INSERT INTO ORDER_LINE (id, order_id, price, quantity, product_id) VALUES (986, 818, 659.7024303812941, 1, 52);
INSERT INTO ORDERS (id, user_id, created_at) VALUES (819, 'd7558967-c177-40f1-8360-25c7806329df', '2020-01-29');
INSERT INTO ORDER_LINE (id, order_id, price, quantity, product_id) VALUES (987, 819, 773.0826735123244, 1, 68);
INSERT INTO ORDERS (id, user_id, created_at) VALUES (820, '471620c4-d859-49cd-b17b-5a27250d44a8', '2020-03-10');
INSERT INTO ORDER_LINE (id, order_id, price, quantity, product_id) VALUES (988, 820, 434.7528080515581, 1, 59);
INSERT INTO ORDER_LINE (id, order_id, price, quantity, product_id) VALUES (989, 820, 612.2943374226832, 1, 51);
INSERT INTO ORDERS (id, user_id, created_at) VALUES (821, 'ffd5500e-1231-48e2-8384-3dc15fc7ed90', '2020-09-18');
INSERT INTO ORDER_LINE (id, order_id, price, quantity, product_id) VALUES (990, 821, 898.5298784693257, 1, 55);
INSERT INTO ORDER_LINE (id, order_id, price, quantity, product_id) VALUES (991, 821, 871.8283284563148, 1, 62);
INSERT INTO ORDERS (id, user_id, created_at) VALUES (822, '98e2386a-5510-456c-88ea-60854a590b17', '2020-12-31');
INSERT INTO ORDER_LINE (id, order_id, price, quantity, product_id) VALUES (992, 822, 176.26260410007654, 1, 70);
INSERT INTO ORDER_LINE (id, order_id, price, quantity, product_id) VALUES (993, 822, 644.6675035082187, 1, 52);
INSERT INTO ORDERS (id, user_id, created_at) VALUES (823, '6e21105f-3d24-4ca1-9fc0-b4e688992557', '2020-02-20');
INSERT INTO ORDER_LINE (id, order_id, price, quantity, product_id) VALUES (994, 823, 259.3029042961869, 1, 66);
INSERT INTO ORDER_LINE (id, order_id, price, quantity, product_id) VALUES (995, 823, 615.9608012102586, 1, 67);
INSERT INTO ORDERS (id, user_id, created_at) VALUES (824, '471620c4-d859-49cd-b17b-5a27250d44a8', '2021-01-17');
INSERT INTO ORDER_LINE (id, order_id, price, quantity, product_id) VALUES (996, 824, 255.4179304030904, 1, 58);
INSERT INTO ORDER_LINE (id, order_id, price, quantity, product_id) VALUES (997, 824, 215.77842228421798, 1, 52);
INSERT INTO ORDERS (id, user_id, created_at) VALUES (825, '471620c4-d859-49cd-b17b-5a27250d44a8', '2020-04-22');
INSERT INTO ORDER_LINE (id, order_id, price, quantity, product_id) VALUES (998, 825, 651.9472288798643, 1, 70);
INSERT INTO ORDERS (id, user_id, created_at) VALUES (826, '24e137ba-d5b5-4ca7-aad1-5359463e0a53', '2020-11-09');
INSERT INTO ORDER_LINE (id, order_id, price, quantity, product_id) VALUES (999, 826, 285.94342903650903, 1, 59);
INSERT INTO ORDERS (id, user_id, created_at) VALUES (827, '471620c4-d859-49cd-b17b-5a27250d44a8', '2021-08-19');
INSERT INTO ORDER_LINE (id, order_id, price, quantity, product_id) VALUES (1000, 827, 774.9090611302599, 1, 51);
INSERT INTO ORDER_LINE (id, order_id, price, quantity, product_id) VALUES (1001, 827, 340.0051244392621, 1, 58);
INSERT INTO ORDERS (id, user_id, created_at) VALUES (828, '3ccff81d-9f57-44b4-b414-5dc8bed05a28', '2020-10-16');
INSERT INTO ORDER_LINE (id, order_id, price, quantity, product_id) VALUES (1002, 828, 893.2345606689139, 1, 69);
INSERT INTO ORDER_LINE (id, order_id, price, quantity, product_id) VALUES (1003, 828, 847.5124739376414, 1, 62);
INSERT INTO ORDERS (id, user_id, created_at) VALUES (829, '6e21105f-3d24-4ca1-9fc0-b4e688992557', '2022-01-15');
INSERT INTO ORDER_LINE (id, order_id, price, quantity, product_id) VALUES (1004, 829, 674.432897764225, 1, 62);
INSERT INTO ORDERS (id, user_id, created_at) VALUES (830, '3ccff81d-9f57-44b4-b414-5dc8bed05a28', '2021-01-22');
INSERT INTO ORDER_LINE (id, order_id, price, quantity, product_id) VALUES (1005, 830, 885.7827465493485, 1, 68);
INSERT INTO ORDER_LINE (id, order_id, price, quantity, product_id) VALUES (1006, 830, 717.257758730961, 1, 67);
INSERT INTO ORDERS (id, user_id, created_at) VALUES (831, 'ac0cf5a2-e5cf-49a7-855f-3bd2c0a79550', '2022-08-06');
INSERT INTO ORDER_LINE (id, order_id, price, quantity, product_id) VALUES (1007, 831, 264.9392713508703, 1, 67);
INSERT INTO ORDER_LINE (id, order_id, price, quantity, product_id) VALUES (1008, 831, 838.6004754964739, 1, 66);
INSERT INTO ORDERS (id, user_id, created_at) VALUES (832, 'ffd5500e-1231-48e2-8384-3dc15fc7ed90', '2022-12-14');
INSERT INTO ORDER_LINE (id, order_id, price, quantity, product_id) VALUES (1009, 832, 115.89259450859686, 1, 69);
INSERT INTO ORDER_LINE (id, order_id, price, quantity, product_id) VALUES (1010, 832, 640.0195674712652, 1, 65);
INSERT INTO ORDERS (id, user_id, created_at) VALUES (833, 'c07ed80f-8658-40af-b5d1-bcda05f8e115', '2020-02-08');
INSERT INTO ORDER_LINE (id, order_id, price, quantity, product_id) VALUES (1011, 833, 868.6903732824345, 1, 61);
INSERT INTO ORDER_LINE (id, order_id, price, quantity, product_id) VALUES (1012, 833, 660.5198649467328, 1, 64);
INSERT INTO ORDERS (id, user_id, created_at) VALUES (834, '969775e5-95df-4b68-8e41-56bb781276c6', '2020-06-12');
INSERT INTO ORDER_LINE (id, order_id, price, quantity, product_id) VALUES (1013, 834, 211.16438307234375, 1, 65);
INSERT INTO ORDER_LINE (id, order_id, price, quantity, product_id) VALUES (1014, 834, 795.3621746559761, 1, 51);
INSERT INTO ORDERS (id, user_id, created_at) VALUES (835, 'd7558967-c177-40f1-8360-25c7806329df', '2020-07-20');
INSERT INTO ORDER_LINE (id, order_id, price, quantity, product_id) VALUES (1015, 835, 202.93413679555005, 1, 61);
INSERT INTO ORDER_LINE (id, order_id, price, quantity, product_id) VALUES (1016, 835, 324.56988935336045, 1, 70);
INSERT INTO ORDERS (id, user_id, created_at) VALUES (836, 'd7558967-c177-40f1-8360-25c7806329df', '2022-08-19');
INSERT INTO ORDER_LINE (id, order_id, price, quantity, product_id) VALUES (1017, 836, 556.8616528537443, 1, 52);
INSERT INTO ORDER_LINE (id, order_id, price, quantity, product_id) VALUES (1018, 836, 862.4203932317939, 1, 66);
INSERT INTO ORDERS (id, user_id, created_at) VALUES (837, 'ac0cf5a2-e5cf-49a7-855f-3bd2c0a79550', '2022-09-27');
INSERT INTO ORDER_LINE (id, order_id, price, quantity, product_id) VALUES (1019, 837, 859.0748966141252, 1, 65);
INSERT INTO ORDER_LINE (id, order_id, price, quantity, product_id) VALUES (1020, 837, 631.5525265148286, 1, 65);
INSERT INTO ORDERS (id, user_id, created_at) VALUES (838, '6e21105f-3d24-4ca1-9fc0-b4e688992557', '2020-01-29');
INSERT INTO ORDER_LINE (id, order_id, price, quantity, product_id) VALUES (1021, 838, 473.2864105682669, 1, 60);
INSERT INTO ORDERS (id, user_id, created_at) VALUES (839, 'd7558967-c177-40f1-8360-25c7806329df', '2021-09-10');
INSERT INTO ORDER_LINE (id, order_id, price, quantity, product_id) VALUES (1022, 839, 403.2861653323798, 1, 70);
INSERT INTO ORDERS (id, user_id, created_at) VALUES (840, '6e21105f-3d24-4ca1-9fc0-b4e688992557', '2022-10-06');
INSERT INTO ORDER_LINE (id, order_id, price, quantity, product_id) VALUES (1023, 840, 332.92121018444357, 1, 59);
INSERT INTO ORDERS (id, user_id, created_at) VALUES (841, 'ffd5500e-1231-48e2-8384-3dc15fc7ed90', '2021-12-21');
INSERT INTO ORDER_LINE (id, order_id, price, quantity, product_id) VALUES (1024, 841, 169.597056752393, 1, 57);
INSERT INTO ORDERS (id, user_id, created_at) VALUES (842, 'ac0cf5a2-e5cf-49a7-855f-3bd2c0a79550', '2022-09-27');
INSERT INTO ORDER_LINE (id, order_id, price, quantity, product_id) VALUES (1025, 842, 328.79257952749083, 1, 68);
INSERT INTO ORDERS (id, user_id, created_at) VALUES (843, 'ffd5500e-1231-48e2-8384-3dc15fc7ed90', '2022-01-17');
INSERT INTO ORDER_LINE (id, order_id, price, quantity, product_id) VALUES (1026, 843, 395.27085331828084, 1, 59);
INSERT INTO ORDER_LINE (id, order_id, price, quantity, product_id) VALUES (1027, 843, 335.33527510332925, 1, 51);
INSERT INTO ORDERS (id, user_id, created_at) VALUES (844, 'ffd5500e-1231-48e2-8384-3dc15fc7ed90', '2020-07-02');
INSERT INTO ORDER_LINE (id, order_id, price, quantity, product_id) VALUES (1028, 844, 286.89791781321003, 1, 51);
INSERT INTO ORDER_LINE (id, order_id, price, quantity, product_id) VALUES (1029, 844, 884.9106887619107, 1, 52);
INSERT INTO ORDERS (id, user_id, created_at) VALUES (845, '24e137ba-d5b5-4ca7-aad1-5359463e0a53', '2020-12-23');
INSERT INTO ORDER_LINE (id, order_id, price, quantity, product_id) VALUES (1030, 845, 876.108025130228, 1, 53);
INSERT INTO ORDERS (id, user_id, created_at) VALUES (846, '3ccff81d-9f57-44b4-b414-5dc8bed05a28', '2020-10-24');
INSERT INTO ORDER_LINE (id, order_id, price, quantity, product_id) VALUES (1031, 846, 249.00187345746286, 1, 64);
INSERT INTO ORDERS (id, user_id, created_at) VALUES (847, 'd7558967-c177-40f1-8360-25c7806329df', '2023-01-10');
INSERT INTO ORDER_LINE (id, order_id, price, quantity, product_id) VALUES (1032, 847, 633.1600326541793, 1, 55);
INSERT INTO ORDERS (id, user_id, created_at) VALUES (848, '6e21105f-3d24-4ca1-9fc0-b4e688992557', '2020-04-19');
INSERT INTO ORDER_LINE (id, order_id, price, quantity, product_id) VALUES (1033, 848, 749.9219022565105, 1, 57);
INSERT INTO ORDERS (id, user_id, created_at) VALUES (849, 'c07ed80f-8658-40af-b5d1-bcda05f8e115', '2020-02-21');
INSERT INTO ORDER_LINE (id, order_id, price, quantity, product_id) VALUES (1034, 849, 200.5341298642752, 1, 56);
INSERT INTO ORDER_LINE (id, order_id, price, quantity, product_id) VALUES (1035, 849, 598.5423813815954, 1, 55);
INSERT INTO ORDERS (id, user_id, created_at) VALUES (850, '6e21105f-3d24-4ca1-9fc0-b4e688992557', '2022-01-13');
INSERT INTO ORDER_LINE (id, order_id, price, quantity, product_id) VALUES (1036, 850, 685.1097158407736, 1, 50);
INSERT INTO ORDER_LINE (id, order_id, price, quantity, product_id) VALUES (1037, 850, 133.05099829651698, 1, 65);
INSERT INTO ORDERS (id, user_id, created_at) VALUES (851, 'ac0cf5a2-e5cf-49a7-855f-3bd2c0a79550', '2020-12-26');
INSERT INTO ORDER_LINE (id, order_id, price, quantity, product_id) VALUES (1038, 851, 849.5062805529889, 1, 54);
INSERT INTO ORDERS (id, user_id, created_at) VALUES (852, 'ac0cf5a2-e5cf-49a7-855f-3bd2c0a79550', '2020-07-07');
INSERT INTO ORDER_LINE (id, order_id, price, quantity, product_id) VALUES (1039, 852, 812.2857303120131, 1, 69);
INSERT INTO ORDER_LINE (id, order_id, price, quantity, product_id) VALUES (1040, 852, 328.47792778922775, 1, 52);
INSERT INTO ORDERS (id, user_id, created_at) VALUES (853, '98e2386a-5510-456c-88ea-60854a590b17', '2020-12-25');
INSERT INTO ORDER_LINE (id, order_id, price, quantity, product_id) VALUES (1041, 853, 357.8132699094387, 1, 66);
INSERT INTO ORDERS (id, user_id, created_at) VALUES (854, 'c07ed80f-8658-40af-b5d1-bcda05f8e115', '2022-05-03');
INSERT INTO ORDER_LINE (id, order_id, price, quantity, product_id) VALUES (1042, 854, 253.74199488966812, 1, 56);
INSERT INTO ORDERS (id, user_id, created_at) VALUES (855, 'c07ed80f-8658-40af-b5d1-bcda05f8e115', '2022-03-25');
INSERT INTO ORDER_LINE (id, order_id, price, quantity, product_id) VALUES (1043, 855, 620.0559641689326, 1, 51);
INSERT INTO ORDER_LINE (id, order_id, price, quantity, product_id) VALUES (1044, 855, 540.1013342496244, 1, 63);
INSERT INTO ORDERS (id, user_id, created_at) VALUES (856, '3ccff81d-9f57-44b4-b414-5dc8bed05a28', '2020-10-24');
INSERT INTO ORDER_LINE (id, order_id, price, quantity, product_id) VALUES (1045, 856, 271.39824918229573, 1, 69);
INSERT INTO ORDERS (id, user_id, created_at) VALUES (857, 'ac0cf5a2-e5cf-49a7-855f-3bd2c0a79550', '2021-02-28');
INSERT INTO ORDER_LINE (id, order_id, price, quantity, product_id) VALUES (1046, 857, 756.019207032937, 1, 56);
INSERT INTO ORDERS (id, user_id, created_at) VALUES (858, '6e21105f-3d24-4ca1-9fc0-b4e688992557', '2021-01-09');
INSERT INTO ORDER_LINE (id, order_id, price, quantity, product_id) VALUES (1047, 858, 106.51251274703321, 1, 69);
INSERT INTO ORDERS (id, user_id, created_at) VALUES (859, '969775e5-95df-4b68-8e41-56bb781276c6', '2020-03-01');
INSERT INTO ORDER_LINE (id, order_id, price, quantity, product_id) VALUES (1048, 859, 530.2566244785976, 1, 52);
INSERT INTO ORDER_LINE (id, order_id, price, quantity, product_id) VALUES (1049, 859, 380.2561004523135, 1, 67);
INSERT INTO ORDERS (id, user_id, created_at) VALUES (860, 'd7558967-c177-40f1-8360-25c7806329df', '2022-12-27');
INSERT INTO ORDER_LINE (id, order_id, price, quantity, product_id) VALUES (1050, 860, 503.9575367074368, 1, 56);
INSERT INTO ORDERS (id, user_id, created_at) VALUES (861, 'c07ed80f-8658-40af-b5d1-bcda05f8e115', '2022-05-03');
INSERT INTO ORDER_LINE (id, order_id, price, quantity, product_id) VALUES (1051, 861, 479.97502359843355, 1, 60);
INSERT INTO ORDER_LINE (id, order_id, price, quantity, product_id) VALUES (1052, 861, 266.82825957028894, 1, 54);
INSERT INTO ORDERS (id, user_id, created_at) VALUES (862, 'ac0cf5a2-e5cf-49a7-855f-3bd2c0a79550', '2021-04-17');
INSERT INTO ORDER_LINE (id, order_id, price, quantity, product_id) VALUES (1053, 862, 687.5870143794501, 1, 57);
INSERT INTO ORDER_LINE (id, order_id, price, quantity, product_id) VALUES (1054, 862, 229.01433404750549, 1, 62);
INSERT INTO ORDERS (id, user_id, created_at) VALUES (863, '6e21105f-3d24-4ca1-9fc0-b4e688992557', '2021-11-20');
INSERT INTO ORDER_LINE (id, order_id, price, quantity, product_id) VALUES (1055, 863, 690.8952786940101, 1, 65);
INSERT INTO ORDER_LINE (id, order_id, price, quantity, product_id) VALUES (1056, 863, 190.49673503869195, 1, 58);
INSERT INTO ORDERS (id, user_id, created_at) VALUES (864, 'd7558967-c177-40f1-8360-25c7806329df', '2021-07-29');
INSERT INTO ORDER_LINE (id, order_id, price, quantity, product_id) VALUES (1057, 864, 296.3102075732274, 1, 70);
INSERT INTO ORDERS (id, user_id, created_at) VALUES (865, 'd7558967-c177-40f1-8360-25c7806329df', '2022-02-14');
INSERT INTO ORDER_LINE (id, order_id, price, quantity, product_id) VALUES (1058, 865, 821.2460165221883, 1, 57);
INSERT INTO ORDERS (id, user_id, created_at) VALUES (866, 'd7558967-c177-40f1-8360-25c7806329df', '2022-01-18');
INSERT INTO ORDER_LINE (id, order_id, price, quantity, product_id) VALUES (1059, 866, 199.71099445833698, 1, 58);
INSERT INTO ORDER_LINE (id, order_id, price, quantity, product_id) VALUES (1060, 866, 121.9521751624101, 1, 55);
INSERT INTO ORDERS (id, user_id, created_at) VALUES (867, '471620c4-d859-49cd-b17b-5a27250d44a8', '2022-11-30');
INSERT INTO ORDER_LINE (id, order_id, price, quantity, product_id) VALUES (1061, 867, 178.69270999592936, 1, 70);
INSERT INTO ORDERS (id, user_id, created_at) VALUES (868, 'c07ed80f-8658-40af-b5d1-bcda05f8e115', '2022-01-20');
INSERT INTO ORDER_LINE (id, order_id, price, quantity, product_id) VALUES (1062, 868, 593.5431497295675, 1, 53);
INSERT INTO ORDER_LINE (id, order_id, price, quantity, product_id) VALUES (1063, 868, 722.4938969939174, 1, 61);
INSERT INTO ORDERS (id, user_id, created_at) VALUES (869, '471620c4-d859-49cd-b17b-5a27250d44a8', '2020-02-22');
INSERT INTO ORDER_LINE (id, order_id, price, quantity, product_id) VALUES (1064, 869, 371.3150278914046, 1, 52);
INSERT INTO ORDERS (id, user_id, created_at) VALUES (870, '24e137ba-d5b5-4ca7-aad1-5359463e0a53', '2022-04-25');
INSERT INTO ORDER_LINE (id, order_id, price, quantity, product_id) VALUES (1065, 870, 829.493322842851, 1, 69);
INSERT INTO ORDERS (id, user_id, created_at) VALUES (871, '98e2386a-5510-456c-88ea-60854a590b17', '2022-06-12');
INSERT INTO ORDER_LINE (id, order_id, price, quantity, product_id) VALUES (1066, 871, 225.82072191636504, 1, 52);
INSERT INTO ORDER_LINE (id, order_id, price, quantity, product_id) VALUES (1067, 871, 140.14765523377548, 1, 70);
INSERT INTO ORDERS (id, user_id, created_at) VALUES (872, 'ac0cf5a2-e5cf-49a7-855f-3bd2c0a79550', '2021-11-20');
INSERT INTO ORDER_LINE (id, order_id, price, quantity, product_id) VALUES (1068, 872, 649.7659669482916, 1, 66);
INSERT INTO ORDERS (id, user_id, created_at) VALUES (873, '98e2386a-5510-456c-88ea-60854a590b17', '2022-01-10');
INSERT INTO ORDER_LINE (id, order_id, price, quantity, product_id) VALUES (1069, 873, 496.1541369431896, 1, 65);
INSERT INTO ORDER_LINE (id, order_id, price, quantity, product_id) VALUES (1070, 873, 621.9898589683894, 1, 50);
INSERT INTO ORDERS (id, user_id, created_at) VALUES (874, 'ac0cf5a2-e5cf-49a7-855f-3bd2c0a79550', '2020-08-06');
INSERT INTO ORDER_LINE (id, order_id, price, quantity, product_id) VALUES (1071, 874, 116.7734906536606, 1, 57);
INSERT INTO ORDER_LINE (id, order_id, price, quantity, product_id) VALUES (1072, 874, 161.13410137304004, 1, 62);
INSERT INTO ORDERS (id, user_id, created_at) VALUES (875, '6e21105f-3d24-4ca1-9fc0-b4e688992557', '2020-07-28');
INSERT INTO ORDER_LINE (id, order_id, price, quantity, product_id) VALUES (1073, 875, 628.3487715301884, 1, 61);
INSERT INTO ORDERS (id, user_id, created_at) VALUES (876, '6e21105f-3d24-4ca1-9fc0-b4e688992557', '2021-08-30');
INSERT INTO ORDER_LINE (id, order_id, price, quantity, product_id) VALUES (1074, 876, 733.3874036188839, 1, 59);
INSERT INTO ORDER_LINE (id, order_id, price, quantity, product_id) VALUES (1075, 876, 768.5039681877748, 1, 68);
INSERT INTO ORDERS (id, user_id, created_at) VALUES (877, '471620c4-d859-49cd-b17b-5a27250d44a8', '2022-10-18');
INSERT INTO ORDER_LINE (id, order_id, price, quantity, product_id) VALUES (1076, 877, 223.32774879077942, 1, 63);
INSERT INTO ORDER_LINE (id, order_id, price, quantity, product_id) VALUES (1077, 877, 275.1369784232494, 1, 66);
INSERT INTO ORDERS (id, user_id, created_at) VALUES (878, 'ac0cf5a2-e5cf-49a7-855f-3bd2c0a79550', '2020-06-23');
INSERT INTO ORDER_LINE (id, order_id, price, quantity, product_id) VALUES (1078, 878, 505.6483381759978, 1, 70);
INSERT INTO ORDER_LINE (id, order_id, price, quantity, product_id) VALUES (1079, 878, 511.07968322819363, 1, 63);
INSERT INTO ORDERS (id, user_id, created_at) VALUES (879, '471620c4-d859-49cd-b17b-5a27250d44a8', '2022-04-18');
INSERT INTO ORDER_LINE (id, order_id, price, quantity, product_id) VALUES (1080, 879, 510.5173046648051, 1, 66);
INSERT INTO ORDER_LINE (id, order_id, price, quantity, product_id) VALUES (1081, 879, 151.0630177710846, 1, 61);
INSERT INTO ORDERS (id, user_id, created_at) VALUES (880, 'ffd5500e-1231-48e2-8384-3dc15fc7ed90', '2022-08-25');
INSERT INTO ORDER_LINE (id, order_id, price, quantity, product_id) VALUES (1082, 880, 629.2399090524425, 1, 50);
INSERT INTO ORDERS (id, user_id, created_at) VALUES (881, '6e21105f-3d24-4ca1-9fc0-b4e688992557', '2020-06-13');
INSERT INTO ORDER_LINE (id, order_id, price, quantity, product_id) VALUES (1083, 881, 705.7243390952223, 1, 57);
INSERT INTO ORDERS (id, user_id, created_at) VALUES (882, '6e21105f-3d24-4ca1-9fc0-b4e688992557', '2020-03-29');
INSERT INTO ORDER_LINE (id, order_id, price, quantity, product_id) VALUES (1084, 882, 587.5068205467219, 1, 59);
INSERT INTO ORDERS (id, user_id, created_at) VALUES (883, '471620c4-d859-49cd-b17b-5a27250d44a8', '2021-06-28');
INSERT INTO ORDER_LINE (id, order_id, price, quantity, product_id) VALUES (1085, 883, 815.4983451202827, 1, 59);
INSERT INTO ORDER_LINE (id, order_id, price, quantity, product_id) VALUES (1086, 883, 274.05162252946207, 1, 56);
INSERT INTO ORDERS (id, user_id, created_at) VALUES (884, '3ccff81d-9f57-44b4-b414-5dc8bed05a28', '2020-12-28');
INSERT INTO ORDER_LINE (id, order_id, price, quantity, product_id) VALUES (1087, 884, 580.8886601827089, 1, 50);
INSERT INTO ORDERS (id, user_id, created_at) VALUES (885, '471620c4-d859-49cd-b17b-5a27250d44a8', '2020-12-26');
INSERT INTO ORDER_LINE (id, order_id, price, quantity, product_id) VALUES (1088, 885, 142.18809427605007, 1, 56);
INSERT INTO ORDER_LINE (id, order_id, price, quantity, product_id) VALUES (1089, 885, 856.8060560815222, 1, 64);
INSERT INTO ORDERS (id, user_id, created_at) VALUES (886, 'd7558967-c177-40f1-8360-25c7806329df', '2020-04-25');
INSERT INTO ORDER_LINE (id, order_id, price, quantity, product_id) VALUES (1090, 886, 899.768400419063, 1, 62);
INSERT INTO ORDERS (id, user_id, created_at) VALUES (887, 'c07ed80f-8658-40af-b5d1-bcda05f8e115', '2020-11-15');
INSERT INTO ORDER_LINE (id, order_id, price, quantity, product_id) VALUES (1091, 887, 205.3042071283472, 1, 57);
INSERT INTO ORDER_LINE (id, order_id, price, quantity, product_id) VALUES (1092, 887, 489.9896054054213, 1, 65);
INSERT INTO ORDERS (id, user_id, created_at) VALUES (888, '98e2386a-5510-456c-88ea-60854a590b17', '2022-01-21');
INSERT INTO ORDER_LINE (id, order_id, price, quantity, product_id) VALUES (1093, 888, 227.72057330161815, 1, 70);
INSERT INTO ORDERS (id, user_id, created_at) VALUES (889, 'd7558967-c177-40f1-8360-25c7806329df', '2020-04-16');
INSERT INTO ORDER_LINE (id, order_id, price, quantity, product_id) VALUES (1094, 889, 206.9217932620316, 1, 54);
INSERT INTO ORDERS (id, user_id, created_at) VALUES (890, '98e2386a-5510-456c-88ea-60854a590b17', '2021-03-15');
INSERT INTO ORDER_LINE (id, order_id, price, quantity, product_id) VALUES (1095, 890, 393.8399623552636, 1, 66);
INSERT INTO ORDERS (id, user_id, created_at) VALUES (891, '3ccff81d-9f57-44b4-b414-5dc8bed05a28', '2021-04-06');
INSERT INTO ORDER_LINE (id, order_id, price, quantity, product_id) VALUES (1096, 891, 489.99836065695666, 1, 60);
INSERT INTO ORDER_LINE (id, order_id, price, quantity, product_id) VALUES (1097, 891, 263.2430200006583, 1, 61);
INSERT INTO ORDERS (id, user_id, created_at) VALUES (892, 'c07ed80f-8658-40af-b5d1-bcda05f8e115', '2021-07-20');
INSERT INTO ORDER_LINE (id, order_id, price, quantity, product_id) VALUES (1098, 892, 530.3691954430162, 1, 59);
INSERT INTO ORDER_LINE (id, order_id, price, quantity, product_id) VALUES (1099, 892, 311.85838525267206, 1, 54);
INSERT INTO ORDERS (id, user_id, created_at) VALUES (893, '6e21105f-3d24-4ca1-9fc0-b4e688992557', '2020-02-22');
INSERT INTO ORDER_LINE (id, order_id, price, quantity, product_id) VALUES (1100, 893, 756.5478119797192, 1, 53);
INSERT INTO ORDER_LINE (id, order_id, price, quantity, product_id) VALUES (1101, 893, 366.36373988054925, 1, 62);
INSERT INTO ORDERS (id, user_id, created_at) VALUES (894, 'd7558967-c177-40f1-8360-25c7806329df', '2021-06-27');
INSERT INTO ORDER_LINE (id, order_id, price, quantity, product_id) VALUES (1102, 894, 601.435103759465, 1, 64);
INSERT INTO ORDERS (id, user_id, created_at) VALUES (895, 'ffd5500e-1231-48e2-8384-3dc15fc7ed90', '2021-01-19');
INSERT INTO ORDER_LINE (id, order_id, price, quantity, product_id) VALUES (1103, 895, 819.8333186105006, 1, 67);
INSERT INTO ORDER_LINE (id, order_id, price, quantity, product_id) VALUES (1104, 895, 296.252270608908, 1, 68);
INSERT INTO ORDERS (id, user_id, created_at) VALUES (896, 'ffd5500e-1231-48e2-8384-3dc15fc7ed90', '2021-10-15');
INSERT INTO ORDER_LINE (id, order_id, price, quantity, product_id) VALUES (1105, 896, 525.0953290171117, 1, 65);
INSERT INTO ORDERS (id, user_id, created_at) VALUES (897, 'ffd5500e-1231-48e2-8384-3dc15fc7ed90', '2020-09-30');
INSERT INTO ORDER_LINE (id, order_id, price, quantity, product_id) VALUES (1106, 897, 274.37910085922726, 1, 54);
INSERT INTO ORDER_LINE (id, order_id, price, quantity, product_id) VALUES (1107, 897, 851.4823332680027, 1, 68);
INSERT INTO ORDERS (id, user_id, created_at) VALUES (898, '6e21105f-3d24-4ca1-9fc0-b4e688992557', '2020-12-24');
INSERT INTO ORDER_LINE (id, order_id, price, quantity, product_id) VALUES (1108, 898, 431.40518964547823, 1, 54);
INSERT INTO ORDER_LINE (id, order_id, price, quantity, product_id) VALUES (1109, 898, 898.3848318334748, 1, 53);
INSERT INTO ORDERS (id, user_id, created_at) VALUES (899, 'd7558967-c177-40f1-8360-25c7806329df', '2022-02-21');
INSERT INTO ORDER_LINE (id, order_id, price, quantity, product_id) VALUES (1110, 899, 287.12364901701415, 1, 68);
INSERT INTO ORDERS (id, user_id, created_at) VALUES (900, 'ffd5500e-1231-48e2-8384-3dc15fc7ed90', '2022-01-02');
INSERT INTO ORDER_LINE (id, order_id, price, quantity, product_id) VALUES (1111, 900, 482.23494054163075, 1, 56);
INSERT INTO ORDERS (id, user_id, created_at) VALUES (901, '98e2386a-5510-456c-88ea-60854a590b17', '2021-06-07');
INSERT INTO ORDER_LINE (id, order_id, price, quantity, product_id) VALUES (1112, 901, 612.7457227742644, 1, 67);
INSERT INTO ORDER_LINE (id, order_id, price, quantity, product_id) VALUES (1113, 901, 432.3359799992611, 1, 52);
INSERT INTO ORDERS (id, user_id, created_at) VALUES (902, '3ccff81d-9f57-44b4-b414-5dc8bed05a28', '2021-12-01');
INSERT INTO ORDER_LINE (id, order_id, price, quantity, product_id) VALUES (1114, 902, 408.03791297016875, 1, 52);
INSERT INTO ORDER_LINE (id, order_id, price, quantity, product_id) VALUES (1115, 902, 839.3803658709377, 1, 54);
INSERT INTO ORDERS (id, user_id, created_at) VALUES (903, '24e137ba-d5b5-4ca7-aad1-5359463e0a53', '2022-03-15');
INSERT INTO ORDER_LINE (id, order_id, price, quantity, product_id) VALUES (1116, 903, 290.1784300244497, 1, 53);
INSERT INTO ORDERS (id, user_id, created_at) VALUES (904, 'd7558967-c177-40f1-8360-25c7806329df', '2020-10-27');
INSERT INTO ORDER_LINE (id, order_id, price, quantity, product_id) VALUES (1117, 904, 233.0210044541837, 1, 57);
INSERT INTO ORDERS (id, user_id, created_at) VALUES (905, '98e2386a-5510-456c-88ea-60854a590b17', '2020-04-13');
INSERT INTO ORDER_LINE (id, order_id, price, quantity, product_id) VALUES (1118, 905, 371.4039594124701, 1, 51);
INSERT INTO ORDER_LINE (id, order_id, price, quantity, product_id) VALUES (1119, 905, 321.2285024899836, 1, 62);
INSERT INTO ORDERS (id, user_id, created_at) VALUES (906, 'd7558967-c177-40f1-8360-25c7806329df', '2022-12-12');
INSERT INTO ORDER_LINE (id, order_id, price, quantity, product_id) VALUES (1120, 906, 278.5194287834381, 1, 65);
INSERT INTO ORDERS (id, user_id, created_at) VALUES (907, '98e2386a-5510-456c-88ea-60854a590b17', '2020-06-19');
INSERT INTO ORDER_LINE (id, order_id, price, quantity, product_id) VALUES (1121, 907, 535.8646484175126, 1, 64);
INSERT INTO ORDER_LINE (id, order_id, price, quantity, product_id) VALUES (1122, 907, 167.15014446457968, 1, 51);
INSERT INTO ORDERS (id, user_id, created_at) VALUES (908, '969775e5-95df-4b68-8e41-56bb781276c6', '2021-10-25');
INSERT INTO ORDER_LINE (id, order_id, price, quantity, product_id) VALUES (1123, 908, 206.21692734735592, 1, 62);
INSERT INTO ORDERS (id, user_id, created_at) VALUES (909, '969775e5-95df-4b68-8e41-56bb781276c6', '2021-03-23');
INSERT INTO ORDER_LINE (id, order_id, price, quantity, product_id) VALUES (1124, 909, 666.5878882252881, 1, 68);
INSERT INTO ORDERS (id, user_id, created_at) VALUES (910, '3ccff81d-9f57-44b4-b414-5dc8bed05a28', '2022-09-10');
INSERT INTO ORDER_LINE (id, order_id, price, quantity, product_id) VALUES (1125, 910, 890.6594418658243, 1, 50);
INSERT INTO ORDER_LINE (id, order_id, price, quantity, product_id) VALUES (1126, 910, 817.4376271380329, 1, 66);
INSERT INTO ORDERS (id, user_id, created_at) VALUES (911, '471620c4-d859-49cd-b17b-5a27250d44a8', '2021-12-27');
INSERT INTO ORDER_LINE (id, order_id, price, quantity, product_id) VALUES (1127, 911, 218.50758124443576, 1, 56);
INSERT INTO ORDERS (id, user_id, created_at) VALUES (912, 'ffd5500e-1231-48e2-8384-3dc15fc7ed90', '2020-05-16');
INSERT INTO ORDER_LINE (id, order_id, price, quantity, product_id) VALUES (1128, 912, 753.0498062349062, 1, 57);
INSERT INTO ORDER_LINE (id, order_id, price, quantity, product_id) VALUES (1129, 912, 319.90553195089126, 1, 67);
INSERT INTO ORDERS (id, user_id, created_at) VALUES (913, '24e137ba-d5b5-4ca7-aad1-5359463e0a53', '2022-01-06');
INSERT INTO ORDER_LINE (id, order_id, price, quantity, product_id) VALUES (1130, 913, 797.7336303886137, 1, 64);
INSERT INTO ORDERS (id, user_id, created_at) VALUES (914, '6e21105f-3d24-4ca1-9fc0-b4e688992557', '2021-08-05');
INSERT INTO ORDER_LINE (id, order_id, price, quantity, product_id) VALUES (1131, 914, 879.3638419791748, 1, 65);
INSERT INTO ORDERS (id, user_id, created_at) VALUES (915, '98e2386a-5510-456c-88ea-60854a590b17', '2021-07-23');
INSERT INTO ORDER_LINE (id, order_id, price, quantity, product_id) VALUES (1132, 915, 487.84293535298644, 1, 50);
INSERT INTO ORDER_LINE (id, order_id, price, quantity, product_id) VALUES (1133, 915, 406.81970457478036, 1, 64);
INSERT INTO ORDERS (id, user_id, created_at) VALUES (916, '6e21105f-3d24-4ca1-9fc0-b4e688992557', '2021-03-15');
INSERT INTO ORDER_LINE (id, order_id, price, quantity, product_id) VALUES (1134, 916, 890.2918101169658, 1, 63);
INSERT INTO ORDERS (id, user_id, created_at) VALUES (917, 'd7558967-c177-40f1-8360-25c7806329df', '2022-07-12');
INSERT INTO ORDER_LINE (id, order_id, price, quantity, product_id) VALUES (1135, 917, 152.47988432974094, 1, 51);
INSERT INTO ORDER_LINE (id, order_id, price, quantity, product_id) VALUES (1136, 917, 840.1841340371709, 1, 64);
INSERT INTO ORDERS (id, user_id, created_at) VALUES (918, '6e21105f-3d24-4ca1-9fc0-b4e688992557', '2021-09-12');
INSERT INTO ORDER_LINE (id, order_id, price, quantity, product_id) VALUES (1137, 918, 494.3199116491665, 1, 57);
INSERT INTO ORDER_LINE (id, order_id, price, quantity, product_id) VALUES (1138, 918, 802.840968867302, 1, 60);
INSERT INTO ORDERS (id, user_id, created_at) VALUES (919, '3ccff81d-9f57-44b4-b414-5dc8bed05a28', '2020-12-17');
INSERT INTO ORDER_LINE (id, order_id, price, quantity, product_id) VALUES (1139, 919, 322.9300137249609, 1, 62);
INSERT INTO ORDERS (id, user_id, created_at) VALUES (920, '471620c4-d859-49cd-b17b-5a27250d44a8', '2020-10-15');
INSERT INTO ORDER_LINE (id, order_id, price, quantity, product_id) VALUES (1140, 920, 133.21061770041362, 1, 67);
INSERT INTO ORDER_LINE (id, order_id, price, quantity, product_id) VALUES (1141, 920, 395.20378607336363, 1, 66);
INSERT INTO ORDERS (id, user_id, created_at) VALUES (921, '471620c4-d859-49cd-b17b-5a27250d44a8', '2020-05-15');
INSERT INTO ORDER_LINE (id, order_id, price, quantity, product_id) VALUES (1142, 921, 202.2570109779071, 1, 64);
INSERT INTO ORDERS (id, user_id, created_at) VALUES (922, 'ffd5500e-1231-48e2-8384-3dc15fc7ed90', '2021-03-23');
INSERT INTO ORDER_LINE (id, order_id, price, quantity, product_id) VALUES (1143, 922, 218.90015704367212, 1, 61);
INSERT INTO ORDER_LINE (id, order_id, price, quantity, product_id) VALUES (1144, 922, 585.2799398008976, 1, 61);
INSERT INTO ORDERS (id, user_id, created_at) VALUES (923, '98e2386a-5510-456c-88ea-60854a590b17', '2022-11-08');
INSERT INTO ORDER_LINE (id, order_id, price, quantity, product_id) VALUES (1145, 923, 555.0839567915691, 1, 54);
INSERT INTO ORDER_LINE (id, order_id, price, quantity, product_id) VALUES (1146, 923, 492.8600090013031, 1, 54);
INSERT INTO ORDERS (id, user_id, created_at) VALUES (924, '6e21105f-3d24-4ca1-9fc0-b4e688992557', '2022-04-18');
INSERT INTO ORDER_LINE (id, order_id, price, quantity, product_id) VALUES (1147, 924, 229.58192632176838, 1, 65);
INSERT INTO ORDER_LINE (id, order_id, price, quantity, product_id) VALUES (1148, 924, 429.9255509829073, 1, 51);
INSERT INTO ORDERS (id, user_id, created_at) VALUES (925, 'ffd5500e-1231-48e2-8384-3dc15fc7ed90', '2020-03-25');
INSERT INTO ORDER_LINE (id, order_id, price, quantity, product_id) VALUES (1149, 925, 637.6230747848454, 1, 69);
INSERT INTO ORDERS (id, user_id, created_at) VALUES (926, '6e21105f-3d24-4ca1-9fc0-b4e688992557', '2021-04-05');
INSERT INTO ORDER_LINE (id, order_id, price, quantity, product_id) VALUES (1150, 926, 183.50728716365393, 1, 70);
INSERT INTO ORDER_LINE (id, order_id, price, quantity, product_id) VALUES (1151, 926, 349.3364627562793, 1, 65);
INSERT INTO ORDERS (id, user_id, created_at) VALUES (927, 'c07ed80f-8658-40af-b5d1-bcda05f8e115', '2022-02-09');
INSERT INTO ORDER_LINE (id, order_id, price, quantity, product_id) VALUES (1152, 927, 117.85679563502684, 1, 51);
INSERT INTO ORDER_LINE (id, order_id, price, quantity, product_id) VALUES (1153, 927, 831.3493817622468, 1, 57);
INSERT INTO ORDERS (id, user_id, created_at) VALUES (928, 'd7558967-c177-40f1-8360-25c7806329df', '2022-05-30');
INSERT INTO ORDER_LINE (id, order_id, price, quantity, product_id) VALUES (1154, 928, 604.3574848675237, 1, 67);
INSERT INTO ORDER_LINE (id, order_id, price, quantity, product_id) VALUES (1155, 928, 857.4982471377335, 1, 66);
INSERT INTO ORDERS (id, user_id, created_at) VALUES (929, 'ffd5500e-1231-48e2-8384-3dc15fc7ed90', '2021-10-11');
INSERT INTO ORDER_LINE (id, order_id, price, quantity, product_id) VALUES (1156, 929, 772.4758529709796, 1, 62);
INSERT INTO ORDER_LINE (id, order_id, price, quantity, product_id) VALUES (1157, 929, 520.5179036525725, 1, 58);
INSERT INTO ORDERS (id, user_id, created_at) VALUES (930, 'c07ed80f-8658-40af-b5d1-bcda05f8e115', '2021-03-04');
INSERT INTO ORDER_LINE (id, order_id, price, quantity, product_id) VALUES (1158, 930, 356.3984620443678, 1, 62);
INSERT INTO ORDERS (id, user_id, created_at) VALUES (931, '24e137ba-d5b5-4ca7-aad1-5359463e0a53', '2021-05-22');
INSERT INTO ORDER_LINE (id, order_id, price, quantity, product_id) VALUES (1159, 931, 360.08672624980323, 1, 55);
INSERT INTO ORDERS (id, user_id, created_at) VALUES (932, 'ffd5500e-1231-48e2-8384-3dc15fc7ed90', '2021-01-30');
INSERT INTO ORDER_LINE (id, order_id, price, quantity, product_id) VALUES (1160, 932, 443.37514015009214, 1, 50);
INSERT INTO ORDERS (id, user_id, created_at) VALUES (933, 'ac0cf5a2-e5cf-49a7-855f-3bd2c0a79550', '2021-06-12');
INSERT INTO ORDER_LINE (id, order_id, price, quantity, product_id) VALUES (1161, 933, 810.3210097627804, 1, 56);
INSERT INTO ORDERS (id, user_id, created_at) VALUES (934, 'c07ed80f-8658-40af-b5d1-bcda05f8e115', '2021-02-14');
INSERT INTO ORDER_LINE (id, order_id, price, quantity, product_id) VALUES (1162, 934, 764.4571023176885, 1, 69);
INSERT INTO ORDER_LINE (id, order_id, price, quantity, product_id) VALUES (1163, 934, 801.7261314755651, 1, 51);
INSERT INTO ORDERS (id, user_id, created_at) VALUES (935, '3ccff81d-9f57-44b4-b414-5dc8bed05a28', '2022-05-26');
INSERT INTO ORDER_LINE (id, order_id, price, quantity, product_id) VALUES (1164, 935, 505.32295063674263, 1, 52);
INSERT INTO ORDER_LINE (id, order_id, price, quantity, product_id) VALUES (1165, 935, 843.3585849867295, 1, 51);
INSERT INTO ORDERS (id, user_id, created_at) VALUES (936, 'c07ed80f-8658-40af-b5d1-bcda05f8e115', '2020-02-02');
INSERT INTO ORDER_LINE (id, order_id, price, quantity, product_id) VALUES (1166, 936, 237.1780933554703, 1, 64);
INSERT INTO ORDER_LINE (id, order_id, price, quantity, product_id) VALUES (1167, 936, 613.5176196451171, 1, 64);
INSERT INTO ORDERS (id, user_id, created_at) VALUES (937, 'd7558967-c177-40f1-8360-25c7806329df', '2021-08-17');
INSERT INTO ORDER_LINE (id, order_id, price, quantity, product_id) VALUES (1168, 937, 797.3138882355148, 1, 69);
INSERT INTO ORDER_LINE (id, order_id, price, quantity, product_id) VALUES (1169, 937, 597.3768153609686, 1, 55);
INSERT INTO ORDERS (id, user_id, created_at) VALUES (938, '3ccff81d-9f57-44b4-b414-5dc8bed05a28', '2020-09-19');
INSERT INTO ORDER_LINE (id, order_id, price, quantity, product_id) VALUES (1170, 938, 868.989325309461, 1, 64);
INSERT INTO ORDER_LINE (id, order_id, price, quantity, product_id) VALUES (1171, 938, 525.8938133876703, 1, 66);
INSERT INTO ORDERS (id, user_id, created_at) VALUES (939, '471620c4-d859-49cd-b17b-5a27250d44a8', '2021-06-08');
INSERT INTO ORDER_LINE (id, order_id, price, quantity, product_id) VALUES (1172, 939, 421.7584277549545, 1, 59);
INSERT INTO ORDERS (id, user_id, created_at) VALUES (940, 'ac0cf5a2-e5cf-49a7-855f-3bd2c0a79550', '2021-07-18');
INSERT INTO ORDER_LINE (id, order_id, price, quantity, product_id) VALUES (1173, 940, 503.95295699347906, 1, 61);
INSERT INTO ORDERS (id, user_id, created_at) VALUES (941, 'c07ed80f-8658-40af-b5d1-bcda05f8e115', '2022-09-23');
INSERT INTO ORDER_LINE (id, order_id, price, quantity, product_id) VALUES (1174, 941, 155.7856555674337, 1, 53);
INSERT INTO ORDERS (id, user_id, created_at) VALUES (942, '24e137ba-d5b5-4ca7-aad1-5359463e0a53', '2020-06-14');
INSERT INTO ORDER_LINE (id, order_id, price, quantity, product_id) VALUES (1175, 942, 765.942211579915, 1, 55);
INSERT INTO ORDERS (id, user_id, created_at) VALUES (943, '969775e5-95df-4b68-8e41-56bb781276c6', '2022-12-02');
INSERT INTO ORDER_LINE (id, order_id, price, quantity, product_id) VALUES (1176, 943, 540.779228851798, 1, 56);
INSERT INTO ORDER_LINE (id, order_id, price, quantity, product_id) VALUES (1177, 943, 484.38149883497806, 1, 50);
INSERT INTO ORDERS (id, user_id, created_at) VALUES (944, '969775e5-95df-4b68-8e41-56bb781276c6', '2020-03-23');
INSERT INTO ORDER_LINE (id, order_id, price, quantity, product_id) VALUES (1178, 944, 195.27511666245374, 1, 65);
INSERT INTO ORDERS (id, user_id, created_at) VALUES (945, '24e137ba-d5b5-4ca7-aad1-5359463e0a53', '2022-11-30');
INSERT INTO ORDER_LINE (id, order_id, price, quantity, product_id) VALUES (1179, 945, 202.22440273105153, 1, 55);
INSERT INTO ORDERS (id, user_id, created_at) VALUES (946, '471620c4-d859-49cd-b17b-5a27250d44a8', '2022-06-26');
INSERT INTO ORDER_LINE (id, order_id, price, quantity, product_id) VALUES (1180, 946, 338.28268899217505, 1, 54);
INSERT INTO ORDERS (id, user_id, created_at) VALUES (947, '6e21105f-3d24-4ca1-9fc0-b4e688992557', '2020-04-19');
INSERT INTO ORDER_LINE (id, order_id, price, quantity, product_id) VALUES (1181, 947, 303.2236048800121, 1, 55);
INSERT INTO ORDERS (id, user_id, created_at) VALUES (948, '98e2386a-5510-456c-88ea-60854a590b17', '2021-05-21');
INSERT INTO ORDER_LINE (id, order_id, price, quantity, product_id) VALUES (1182, 948, 788.8876245082471, 1, 65);
INSERT INTO ORDERS (id, user_id, created_at) VALUES (949, '471620c4-d859-49cd-b17b-5a27250d44a8', '2020-04-25');
INSERT INTO ORDER_LINE (id, order_id, price, quantity, product_id) VALUES (1183, 949, 343.494292710227, 1, 50);
INSERT INTO ORDER_LINE (id, order_id, price, quantity, product_id) VALUES (1184, 949, 580.6053265683549, 1, 56);
INSERT INTO ORDERS (id, user_id, created_at) VALUES (950, '98e2386a-5510-456c-88ea-60854a590b17', '2021-03-09');
INSERT INTO ORDER_LINE (id, order_id, price, quantity, product_id) VALUES (1185, 950, 277.00491617293096, 1, 53);
INSERT INTO ORDER_LINE (id, order_id, price, quantity, product_id) VALUES (1186, 950, 702.0055639694854, 1, 50);
INSERT INTO ORDERS (id, user_id, created_at) VALUES (951, '6e21105f-3d24-4ca1-9fc0-b4e688992557', '2022-07-14');
INSERT INTO ORDER_LINE (id, order_id, price, quantity, product_id) VALUES (1187, 951, 686.9221026029552, 1, 61);
INSERT INTO ORDERS (id, user_id, created_at) VALUES (952, '24e137ba-d5b5-4ca7-aad1-5359463e0a53', '2020-12-31');
INSERT INTO ORDER_LINE (id, order_id, price, quantity, product_id) VALUES (1188, 952, 397.02988694594785, 1, 59);
INSERT INTO ORDER_LINE (id, order_id, price, quantity, product_id) VALUES (1189, 952, 708.5946254177617, 1, 50);
INSERT INTO ORDERS (id, user_id, created_at) VALUES (953, 'd7558967-c177-40f1-8360-25c7806329df', '2021-02-27');
INSERT INTO ORDER_LINE (id, order_id, price, quantity, product_id) VALUES (1190, 953, 299.2076180640249, 1, 63);
INSERT INTO ORDER_LINE (id, order_id, price, quantity, product_id) VALUES (1191, 953, 162.4338015534798, 1, 55);
INSERT INTO ORDERS (id, user_id, created_at) VALUES (954, '98e2386a-5510-456c-88ea-60854a590b17', '2020-09-12');
INSERT INTO ORDER_LINE (id, order_id, price, quantity, product_id) VALUES (1192, 954, 405.3154826277967, 1, 70);
INSERT INTO ORDER_LINE (id, order_id, price, quantity, product_id) VALUES (1193, 954, 851.9918169801715, 1, 62);
INSERT INTO ORDERS (id, user_id, created_at) VALUES (955, 'ac0cf5a2-e5cf-49a7-855f-3bd2c0a79550', '2021-10-13');
INSERT INTO ORDER_LINE (id, order_id, price, quantity, product_id) VALUES (1194, 955, 367.50321091740193, 1, 52);
INSERT INTO ORDER_LINE (id, order_id, price, quantity, product_id) VALUES (1195, 955, 762.3066567606523, 1, 56);
INSERT INTO ORDERS (id, user_id, created_at) VALUES (956, 'c07ed80f-8658-40af-b5d1-bcda05f8e115', '2022-03-09');
INSERT INTO ORDER_LINE (id, order_id, price, quantity, product_id) VALUES (1196, 956, 519.3002341671441, 1, 70);
INSERT INTO ORDERS (id, user_id, created_at) VALUES (957, '98e2386a-5510-456c-88ea-60854a590b17', '2020-05-11');
INSERT INTO ORDER_LINE (id, order_id, price, quantity, product_id) VALUES (1197, 957, 263.3494509261128, 1, 70);
INSERT INTO ORDER_LINE (id, order_id, price, quantity, product_id) VALUES (1198, 957, 235.64632273033698, 1, 55);
INSERT INTO ORDERS (id, user_id, created_at) VALUES (958, 'ffd5500e-1231-48e2-8384-3dc15fc7ed90', '2020-11-19');
INSERT INTO ORDER_LINE (id, order_id, price, quantity, product_id) VALUES (1199, 958, 501.5006811901718, 1, 70);
INSERT INTO ORDER_LINE (id, order_id, price, quantity, product_id) VALUES (1200, 958, 661.8842719301032, 1, 52);
INSERT INTO ORDERS (id, user_id, created_at) VALUES (959, '6e21105f-3d24-4ca1-9fc0-b4e688992557', '2021-12-27');
INSERT INTO ORDER_LINE (id, order_id, price, quantity, product_id) VALUES (1201, 959, 872.9983617697852, 1, 59);
INSERT INTO ORDER_LINE (id, order_id, price, quantity, product_id) VALUES (1202, 959, 784.3900608634627, 1, 53);
INSERT INTO ORDERS (id, user_id, created_at) VALUES (960, 'ffd5500e-1231-48e2-8384-3dc15fc7ed90', '2022-08-20');
INSERT INTO ORDER_LINE (id, order_id, price, quantity, product_id) VALUES (1203, 960, 346.33966760355247, 1, 57);
INSERT INTO ORDER_LINE (id, order_id, price, quantity, product_id) VALUES (1204, 960, 343.18632614239493, 1, 56);
INSERT INTO ORDERS (id, user_id, created_at) VALUES (961, 'ffd5500e-1231-48e2-8384-3dc15fc7ed90', '2023-01-01');
INSERT INTO ORDER_LINE (id, order_id, price, quantity, product_id) VALUES (1205, 961, 124.66875844373754, 1, 69);
INSERT INTO ORDER_LINE (id, order_id, price, quantity, product_id) VALUES (1206, 961, 865.3547274922973, 1, 66);
INSERT INTO ORDERS (id, user_id, created_at) VALUES (962, '471620c4-d859-49cd-b17b-5a27250d44a8', '2021-12-29');
INSERT INTO ORDER_LINE (id, order_id, price, quantity, product_id) VALUES (1207, 962, 248.54849447054627, 1, 52);
INSERT INTO ORDERS (id, user_id, created_at) VALUES (963, '98e2386a-5510-456c-88ea-60854a590b17', '2020-04-25');
INSERT INTO ORDER_LINE (id, order_id, price, quantity, product_id) VALUES (1208, 963, 606.0046188756419, 1, 68);
INSERT INTO ORDER_LINE (id, order_id, price, quantity, product_id) VALUES (1209, 963, 711.0604159574818, 1, 57);
INSERT INTO ORDERS (id, user_id, created_at) VALUES (964, '24e137ba-d5b5-4ca7-aad1-5359463e0a53', '2022-08-28');
INSERT INTO ORDER_LINE (id, order_id, price, quantity, product_id) VALUES (1210, 964, 209.54091450832087, 1, 63);
INSERT INTO ORDER_LINE (id, order_id, price, quantity, product_id) VALUES (1211, 964, 334.40726906719226, 1, 57);
INSERT INTO ORDERS (id, user_id, created_at) VALUES (965, '98e2386a-5510-456c-88ea-60854a590b17', '2021-08-23');
INSERT INTO ORDER_LINE (id, order_id, price, quantity, product_id) VALUES (1212, 965, 724.1104238773669, 1, 55);
INSERT INTO ORDER_LINE (id, order_id, price, quantity, product_id) VALUES (1213, 965, 161.2209553310847, 1, 55);
INSERT INTO ORDERS (id, user_id, created_at) VALUES (966, '24e137ba-d5b5-4ca7-aad1-5359463e0a53', '2022-01-05');
INSERT INTO ORDER_LINE (id, order_id, price, quantity, product_id) VALUES (1214, 966, 290.92639399192234, 1, 52);
INSERT INTO ORDER_LINE (id, order_id, price, quantity, product_id) VALUES (1215, 966, 615.7830221492654, 1, 50);
INSERT INTO ORDERS (id, user_id, created_at) VALUES (967, '471620c4-d859-49cd-b17b-5a27250d44a8', '2020-10-08');
INSERT INTO ORDER_LINE (id, order_id, price, quantity, product_id) VALUES (1216, 967, 799.035896451525, 1, 51);
INSERT INTO ORDERS (id, user_id, created_at) VALUES (968, 'c07ed80f-8658-40af-b5d1-bcda05f8e115', '2022-12-20');
INSERT INTO ORDER_LINE (id, order_id, price, quantity, product_id) VALUES (1217, 968, 776.3797534141158, 1, 56);
INSERT INTO ORDER_LINE (id, order_id, price, quantity, product_id) VALUES (1218, 968, 726.4864489024429, 1, 63);
INSERT INTO ORDERS (id, user_id, created_at) VALUES (969, '969775e5-95df-4b68-8e41-56bb781276c6', '2021-04-03');
INSERT INTO ORDER_LINE (id, order_id, price, quantity, product_id) VALUES (1219, 969, 149.93258226363074, 1, 68);
INSERT INTO ORDER_LINE (id, order_id, price, quantity, product_id) VALUES (1220, 969, 721.4116246003621, 1, 54);
INSERT INTO ORDERS (id, user_id, created_at) VALUES (970, 'd7558967-c177-40f1-8360-25c7806329df', '2022-05-18');
INSERT INTO ORDER_LINE (id, order_id, price, quantity, product_id) VALUES (1221, 970, 569.2552858045999, 1, 60);
INSERT INTO ORDER_LINE (id, order_id, price, quantity, product_id) VALUES (1222, 970, 354.3081998460574, 1, 60);
INSERT INTO ORDERS (id, user_id, created_at) VALUES (971, '969775e5-95df-4b68-8e41-56bb781276c6', '2022-03-02');
INSERT INTO ORDER_LINE (id, order_id, price, quantity, product_id) VALUES (1223, 971, 268.99452588751865, 1, 52);
INSERT INTO ORDER_LINE (id, order_id, price, quantity, product_id) VALUES (1224, 971, 285.26482156064253, 1, 58);
INSERT INTO ORDERS (id, user_id, created_at) VALUES (972, 'c07ed80f-8658-40af-b5d1-bcda05f8e115', '2022-03-28');
INSERT INTO ORDER_LINE (id, order_id, price, quantity, product_id) VALUES (1225, 972, 887.5246591667468, 1, 52);
INSERT INTO ORDER_LINE (id, order_id, price, quantity, product_id) VALUES (1226, 972, 387.4838898245186, 1, 57);
INSERT INTO ORDERS (id, user_id, created_at) VALUES (973, '6e21105f-3d24-4ca1-9fc0-b4e688992557', '2020-04-03');
INSERT INTO ORDER_LINE (id, order_id, price, quantity, product_id) VALUES (1227, 973, 516.9468203732821, 1, 56);
INSERT INTO ORDER_LINE (id, order_id, price, quantity, product_id) VALUES (1228, 973, 791.5593753512688, 1, 55);
INSERT INTO ORDERS (id, user_id, created_at) VALUES (974, '6e21105f-3d24-4ca1-9fc0-b4e688992557', '2020-08-01');
INSERT INTO ORDER_LINE (id, order_id, price, quantity, product_id) VALUES (1229, 974, 360.9811307205363, 1, 58);
INSERT INTO ORDERS (id, user_id, created_at) VALUES (975, 'ffd5500e-1231-48e2-8384-3dc15fc7ed90', '2021-12-20');
INSERT INTO ORDER_LINE (id, order_id, price, quantity, product_id) VALUES (1230, 975, 100.81426026665233, 1, 70);
INSERT INTO ORDER_LINE (id, order_id, price, quantity, product_id) VALUES (1231, 975, 373.68019344042517, 1, 57);
INSERT INTO ORDERS (id, user_id, created_at) VALUES (976, '6e21105f-3d24-4ca1-9fc0-b4e688992557', '2020-12-10');
INSERT INTO ORDER_LINE (id, order_id, price, quantity, product_id) VALUES (1232, 976, 281.90003318233266, 1, 58);
INSERT INTO ORDERS (id, user_id, created_at) VALUES (977, '24e137ba-d5b5-4ca7-aad1-5359463e0a53', '2021-02-13');
INSERT INTO ORDER_LINE (id, order_id, price, quantity, product_id) VALUES (1233, 977, 219.19166708102526, 1, 66);
INSERT INTO ORDERS (id, user_id, created_at) VALUES (978, '6e21105f-3d24-4ca1-9fc0-b4e688992557', '2021-05-04');
INSERT INTO ORDER_LINE (id, order_id, price, quantity, product_id) VALUES (1234, 978, 753.0824350524381, 1, 60);
INSERT INTO ORDERS (id, user_id, created_at) VALUES (979, '969775e5-95df-4b68-8e41-56bb781276c6', '2022-02-16');
INSERT INTO ORDER_LINE (id, order_id, price, quantity, product_id) VALUES (1235, 979, 289.20057324145284, 1, 61);
INSERT INTO ORDER_LINE (id, order_id, price, quantity, product_id) VALUES (1236, 979, 725.8928543356018, 1, 58);
INSERT INTO ORDERS (id, user_id, created_at) VALUES (980, 'c07ed80f-8658-40af-b5d1-bcda05f8e115', '2021-01-07');
INSERT INTO ORDER_LINE (id, order_id, price, quantity, product_id) VALUES (1237, 980, 235.934095212662, 1, 63);
INSERT INTO ORDERS (id, user_id, created_at) VALUES (981, '6e21105f-3d24-4ca1-9fc0-b4e688992557', '2022-07-09');
INSERT INTO ORDER_LINE (id, order_id, price, quantity, product_id) VALUES (1238, 981, 409.69614525093016, 1, 55);
INSERT INTO ORDER_LINE (id, order_id, price, quantity, product_id) VALUES (1239, 981, 450.7528572078158, 1, 65);
INSERT INTO ORDERS (id, user_id, created_at) VALUES (982, '969775e5-95df-4b68-8e41-56bb781276c6', '2020-06-04');
INSERT INTO ORDER_LINE (id, order_id, price, quantity, product_id) VALUES (1240, 982, 186.35511448535755, 1, 51);
INSERT INTO ORDERS (id, user_id, created_at) VALUES (983, '969775e5-95df-4b68-8e41-56bb781276c6', '2021-07-07');
INSERT INTO ORDER_LINE (id, order_id, price, quantity, product_id) VALUES (1241, 983, 544.5042345323278, 1, 52);
INSERT INTO ORDERS (id, user_id, created_at) VALUES (984, 'c07ed80f-8658-40af-b5d1-bcda05f8e115', '2021-12-28');
INSERT INTO ORDER_LINE (id, order_id, price, quantity, product_id) VALUES (1242, 984, 706.7500164696398, 1, 59);
INSERT INTO ORDER_LINE (id, order_id, price, quantity, product_id) VALUES (1243, 984, 637.3792362742504, 1, 65);
INSERT INTO ORDERS (id, user_id, created_at) VALUES (985, '6e21105f-3d24-4ca1-9fc0-b4e688992557', '2022-11-05');
INSERT INTO ORDER_LINE (id, order_id, price, quantity, product_id) VALUES (1244, 985, 146.72137195280888, 1, 64);
INSERT INTO ORDERS (id, user_id, created_at) VALUES (986, '969775e5-95df-4b68-8e41-56bb781276c6', '2022-01-22');
INSERT INTO ORDER_LINE (id, order_id, price, quantity, product_id) VALUES (1245, 986, 345.0229645344681, 1, 64);
INSERT INTO ORDERS (id, user_id, created_at) VALUES (987, '969775e5-95df-4b68-8e41-56bb781276c6', '2022-07-25');
INSERT INTO ORDER_LINE (id, order_id, price, quantity, product_id) VALUES (1246, 987, 412.31314951051274, 1, 68);
INSERT INTO ORDER_LINE (id, order_id, price, quantity, product_id) VALUES (1247, 987, 246.8578296783537, 1, 60);
INSERT INTO ORDERS (id, user_id, created_at) VALUES (988, '471620c4-d859-49cd-b17b-5a27250d44a8', '2022-11-05');
INSERT INTO ORDER_LINE (id, order_id, price, quantity, product_id) VALUES (1248, 988, 501.9249982574685, 1, 51);
INSERT INTO ORDER_LINE (id, order_id, price, quantity, product_id) VALUES (1249, 988, 145.34984015191262, 1, 59);
INSERT INTO ORDERS (id, user_id, created_at) VALUES (989, '3ccff81d-9f57-44b4-b414-5dc8bed05a28', '2022-09-29');
INSERT INTO ORDER_LINE (id, order_id, price, quantity, product_id) VALUES (1250, 989, 802.9278289325234, 1, 64);
INSERT INTO ORDERS (id, user_id, created_at) VALUES (990, '969775e5-95df-4b68-8e41-56bb781276c6', '2022-08-04');
INSERT INTO ORDER_LINE (id, order_id, price, quantity, product_id) VALUES (1251, 990, 365.5676249497773, 1, 57);
INSERT INTO ORDER_LINE (id, order_id, price, quantity, product_id) VALUES (1252, 990, 301.4220693750902, 1, 55);
INSERT INTO ORDERS (id, user_id, created_at) VALUES (991, '98e2386a-5510-456c-88ea-60854a590b17', '2020-12-18');
INSERT INTO ORDER_LINE (id, order_id, price, quantity, product_id) VALUES (1253, 991, 185.56568414893303, 1, 58);
INSERT INTO ORDER_LINE (id, order_id, price, quantity, product_id) VALUES (1254, 991, 493.244337791649, 1, 55);
INSERT INTO ORDERS (id, user_id, created_at) VALUES (992, '98e2386a-5510-456c-88ea-60854a590b17', '2022-05-12');
INSERT INTO ORDER_LINE (id, order_id, price, quantity, product_id) VALUES (1255, 992, 583.1103256879942, 1, 66);
INSERT INTO ORDERS (id, user_id, created_at) VALUES (993, '98e2386a-5510-456c-88ea-60854a590b17', '2022-10-13');
INSERT INTO ORDER_LINE (id, order_id, price, quantity, product_id) VALUES (1256, 993, 395.80598936027275, 1, 61);
INSERT INTO ORDERS (id, user_id, created_at) VALUES (994, 'd7558967-c177-40f1-8360-25c7806329df', '2020-12-10');
INSERT INTO ORDER_LINE (id, order_id, price, quantity, product_id) VALUES (1257, 994, 492.27948944134437, 1, 51);
INSERT INTO ORDERS (id, user_id, created_at) VALUES (995, '969775e5-95df-4b68-8e41-56bb781276c6', '2020-04-14');
INSERT INTO ORDER_LINE (id, order_id, price, quantity, product_id) VALUES (1258, 995, 182.80400060986236, 1, 56);
INSERT INTO ORDERS (id, user_id, created_at) VALUES (996, '24e137ba-d5b5-4ca7-aad1-5359463e0a53', '2022-10-27');
INSERT INTO ORDER_LINE (id, order_id, price, quantity, product_id) VALUES (1259, 996, 500.7518908692048, 1, 52);
INSERT INTO ORDERS (id, user_id, created_at) VALUES (997, '98e2386a-5510-456c-88ea-60854a590b17', '2020-03-15');
INSERT INTO ORDER_LINE (id, order_id, price, quantity, product_id) VALUES (1260, 997, 646.4411983916923, 1, 60);
INSERT INTO ORDERS (id, user_id, created_at) VALUES (998, 'd7558967-c177-40f1-8360-25c7806329df', '2021-01-10');
INSERT INTO ORDER_LINE (id, order_id, price, quantity, product_id) VALUES (1261, 998, 411.1372421767861, 1, 70);
INSERT INTO ORDERS (id, user_id, created_at) VALUES (999, 'd7558967-c177-40f1-8360-25c7806329df', '2022-11-28');
INSERT INTO ORDER_LINE (id, order_id, price, quantity, product_id) VALUES (1262, 999, 632.6986794675156, 1, 59);
INSERT INTO ORDER_LINE (id, order_id, price, quantity, product_id) VALUES (1263, 999, 332.2129369941417, 1, 65);
INSERT INTO ORDERS (id, user_id, created_at) VALUES (1000, '969775e5-95df-4b68-8e41-56bb781276c6', '2021-07-18');
INSERT INTO ORDER_LINE (id, order_id, price, quantity, product_id) VALUES (1264, 1000, 396.444264440257, 1, 66);
INSERT INTO ORDER_LINE (id, order_id, price, quantity, product_id) VALUES (1265, 1000, 131.8138756792875, 1, 66);






INSERT INTO CART_ITEM (id, cart_id, quantity, product_id) VALUES (1, 1, 1, 33);
INSERT INTO CART_ITEM (id, cart_id, quantity, product_id) VALUES (2, 1, 2, 13);
INSERT INTO CART_ITEM (id, cart_id, quantity, product_id) VALUES (3, 2, 1, 6);
INSERT INTO CART_ITEM (id, cart_id, quantity, product_id) VALUES (4, 2, 1, 27);
INSERT INTO CART_ITEM (id, cart_id, quantity, product_id) VALUES (5, 2, 1, 1);
INSERT INTO CART_ITEM (id, cart_id, quantity, product_id) VALUES (6, 3, 1, 44);

UPDATE PRODUCTS SET image = X'4C6F72656D20697073756D20646F6C6F722073697420616D65742C20636F6E73656374657475722061646970697363696E6720656C69742C2073656420646F20656975736D6F642074656D706F7220696E6369646964756E74207574206C61626F726520657420646F6C6F7265206D61676E6120616C697175612E20557420656E696D206164206D696E696D2076656E69616D2C2071756973206E6F737472756420657865726369746174696F6E20756C6C616D636F206C61626F726973206E69736920757420616C697175697020657820656120636F6D6D6F646F20636F6E7365717561742E2044756973206175746520697275726520646F6C6F7220696E20726570726568656E646572697420696E20766F6C7570746174652076656C697420657373652063696C6C756D20646F6C6F726520657520667567696174206E756C6C612070617269617475722E204578636570746575722073696E74206F6363616563617420637570696461746174206E6F6E2070726F6964656E742C2073756E7420696E2063756C706120717569206F666669636961206465736572756E74206D6F6C6C697420616E696D20696420657374206C61626F72756D2E' WHERE id = 1;


